code_name,HOMO-LUMO gap,HOMO,LUMO,IP,EA,Dipole module,Total charge,Global SASA,G solv. in H2O,G of H-bonds H2O,Fermi-level,Total polariz. alpha,Total FOD,Hardness,Softness,Electronegativity,Electrophil. idx,Nucleophilicity idx,Second IP,Second EA,S0-T1 gap,Total energy,Total disp. C6,Total disp. C8,Dispersion area,Dispersion volume,Chem. potential,Electrodon. power idx,Electroaccep. power idx,max. electron flow,Electrodon. Chem. potential,Electrodon. max. electron flow,Electrofugality,Nucleofugality,Intrinsic React. idx,Net Electrophilicity,Hyperhardness,Hypersoftness,Electrophilic descrip.,cub. electrophilicity idx,G solv. elec.,G solv. SASA,G solv. shift,Trans. dipole moment,HOMO occup.,LUMO occup.,MaxAbsEStateIndex,MaxEStateIndex,MinAbsEStateIndex,MinEStateIndex,qed,SPS,MolWt,HeavyAtomMolWt,ExactMolWt,NumValenceElectrons,NumRadicalElectrons,MaxPartialCharge,MinPartialCharge,MaxAbsPartialCharge,MinAbsPartialCharge,FpDensityMorgan1,FpDensityMorgan2,FpDensityMorgan3,AvgIpc,BalabanJ,BertzCT,Chi0,Chi0n,Chi0v,Chi1,Chi1n,Chi1v,Chi2n,Chi2v,Chi3n,Chi3v,Chi4n,Chi4v,HallKierAlpha,Ipc,Kappa1,Kappa2,Kappa3,LabuteASA,PEOE_VSA1,PEOE_VSA10,PEOE_VSA11,PEOE_VSA12,PEOE_VSA13,PEOE_VSA14,PEOE_VSA2,PEOE_VSA3,PEOE_VSA4,PEOE_VSA5,PEOE_VSA6,PEOE_VSA7,PEOE_VSA8,PEOE_VSA9,SMR_VSA1,SMR_VSA10,SMR_VSA2,SMR_VSA3,SMR_VSA4,SMR_VSA5,SMR_VSA6,SMR_VSA7,SMR_VSA8,SMR_VSA9,SlogP_VSA1,SlogP_VSA10,SlogP_VSA11,SlogP_VSA12,SlogP_VSA2,SlogP_VSA3,SlogP_VSA4,SlogP_VSA5,SlogP_VSA6,SlogP_VSA7,SlogP_VSA8,SlogP_VSA9,TPSA,EState_VSA1,EState_VSA10,EState_VSA11,EState_VSA2,EState_VSA3,EState_VSA4,EState_VSA5,EState_VSA6,EState_VSA7,EState_VSA8,EState_VSA9,VSA_EState1,VSA_EState10,VSA_EState2,VSA_EState3,VSA_EState4,VSA_EState5,VSA_EState6,VSA_EState7,VSA_EState8,VSA_EState9,FractionCSP3,HeavyAtomCount,NHOHCount,NOCount,NumAliphaticCarbocycles,NumAliphaticHeterocycles,NumAliphaticRings,NumAromaticCarbocycles,NumAromaticHeterocycles,NumAromaticRings,NumHAcceptors,NumHDonors,NumHeteroatoms,NumRotatableBonds,NumSaturatedCarbocycles,NumSaturatedHeterocycles,NumSaturatedRings,RingCount,MolLogP,MolMR,fr_Al_COO,fr_Al_OH,fr_Al_OH_noTert,fr_ArN,fr_Ar_COO,fr_Ar_N,fr_Ar_NH,fr_Ar_OH,fr_COO,fr_COO2,fr_C_O,fr_C_O_noCOO,fr_C_S,fr_HOCCN,fr_Imine,fr_NH0,fr_NH1,fr_NH2,fr_N_O,fr_Ndealkylation1,fr_Ndealkylation2,fr_Nhpyrrole,fr_SH,fr_aldehyde,fr_alkyl_carbamate,fr_alkyl_halide,fr_allylic_oxid,fr_amide,fr_amidine,fr_aniline,fr_aryl_methyl,fr_azide,fr_azo,fr_barbitur,fr_benzene,fr_benzodiazepine,fr_bicyclic,fr_diazo,fr_dihydropyridine,fr_epoxide,fr_ester,fr_ether,fr_furan,fr_guanido,fr_halogen,fr_hdrzine,fr_hdrzone,fr_imidazole,fr_imide,fr_isocyan,fr_isothiocyan,fr_ketone,fr_ketone_Topliss,fr_lactam,fr_lactone,fr_methoxy,fr_morpholine,fr_nitrile,fr_nitro,fr_nitro_arom,fr_nitro_arom_nonortho,fr_nitroso,fr_oxazole,fr_oxime,fr_para_hydroxylation,fr_phenol,fr_phenol_noOrthoHbond,fr_phos_acid,fr_phos_ester,fr_piperdine,fr_piperzine,fr_priamide,fr_prisulfonamd,fr_pyridine,fr_quatN,fr_sulfide,fr_sulfonamd,fr_sulfone,fr_term_acetylene,fr_tetrazole,fr_thiazole,fr_thiocyan,fr_thiophene,fr_unbrch_alkane,fr_urea
Hydroxychloroquine_rdkit,2.6277,-9.5174,-6.8897,6.8556,-0.3798,9.1933,0,556.4029,-10.2772,-1.5781,-8.2035,243.4664,0.263,7.2354,0.13820000000000002,3.2379,0.7245,1.4203999999999999,10.5616,4.4309,68.1323,-69.2196,25088.9206,598030.7111,416.3032,432.6657,-3.2379,0.5646,7.0404,0.4475,-5.0468,0.6975,1.1043,7.5801,0.895,-6.4758,4.2583,0.0112,1.3745,0.9247000000000001,-7.1447,-2.2326,0.6782,4.5198,2,0,8.853348039318607,8.853348039318607,0.743665777653145,-4.941869396678428,0.731780104377116,35.391304347826086,335.87899999999956,309.67100000000005,335.17644013200066,126,0,0.21010335108778802,-0.395044572316183,0.395044572316183,0.21010335108778802,1.608695652173913,2.565217391304347,3.391304347826087,2.923925744973372,3.192674271781661,1604.8379189965347,39.265066523458984,37.12785354997296,11.883782495991419,21.406642508747513,18.56381585195022,6.086318438995625,3.593095292245422,3.97105976525465,2.182472052335955,2.371454288840568,1.324940904359309,1.461689735348041,-1.359999999999999,2718971438.915423,3.896633050554017,9.062254640025788,5.341836349421254,179.69835038936588,15.318531275246066,0.0,1.4118420783282,1.431199657232634,0.0,0.0,4.983978520947208,0.0,0.0,0.0,18.452832007528194,56.7611361192395,56.71602806509361,23.041754409894306,39.418855617520705,28.191251096997135,1.431199657232634,9.883888251797686,0.0,32.467526505599764,31.359377649152496,35.36520335520927,0,0.0,5.3098133532883764,5.687386274683562,0.0,11.600939890232516,48.4913528643513,0.0,0.0,59.347839385335455,30.34257004146794,6.434475392069527,10.902924932081056,0,48.39,120.68232844757665,0.0,0.0,0.0,0.0,0.0,0,0,0,10.092786712054421,47.342186973878654,210.86873642044026,5.87361259133655,2.247976643048602,1.037260711167133,-2.261215418632117,0.0,-8.9798554065858,-11.018272435358227,-26.907131994305285,0.0,0.5,23,2,4,0,0,0,1,1,2,4,2,5,12,0,0,0,2,3.783000000000002,98.27150000000006,0,1,0,0,0,1,0,0,0,0,0,0,0,0,0,2,1,0,0,1,0,0,0,0,0,0,0,0,0,1,0,0,0,0,1,0,1,0,0,0,0,0,0,0,1,0,0,0,0,0,0,0,0,0,0,0,0,0,0,0,0,0,0,0,0,0,0,0,0,0,0,0,0,1,0,0,0,0,0,0,0,0,0,0,0
Mizolastine_rdkit,3.114,-10.0646,-6.9506,7.0206,0.2748,6.8012,0,669.5903,-20.0979,-3.1853,-8.5076,305.4115,0.2753,6.7458,0.14830000000000002,3.6477,0.9865,1.1855,10.377,6.6926,81.7381,-90.5829,38627.5885,915479.8314,492.8529,507.6213,-3.6477,1.1415,8.4368,0.5408000000000001,-5.3341,0.7908000000000001,0.7117,8.0071,1.0816,-7.2953,4.8871,0.0159,1.3293,1.178,-16.4074,-1.1834,0.6782,4.2796,2,0,14.643724628218767,14.643724628218767,0.133888131794652,-4.5906805901947045,0.5234372068442691,34.15625,432.50299999999976,407.3030000000002,432.2073876400007,164,0,0.251712951615966,-0.34228689597432704,0.34228689597432704,0.251712951615966,1.3125,2.09375,2.875,3.4812780149137352,2.000995336768483,2385.333269626659,44.03856921535524,40.469494336472835,15.469494336472838,25.537264135556143,20.94442194348619,8.49720834798623,5.803809576162867,5.803809576162867,3.818216684143894,3.818216684143894,2.471118502683088,2.471118502683088,-3.679999999999999,364946488477.76495,6.43342549193105,8.452068204894788,3.9547673088237882,219.88313954086675,14.366919109492311,5.817220841045895,1.4118420783282,11.896678561972989,5.559266895052008,0.0,9.771540454301075,14.358372089569237,0.0,0.0,24.16967483065318,42.478976125008934,53.28109677361429,35.350122349761335,38.70046247408831,22.93007999720551,0.0,19.512059959915025,0.0,25.260601955324347,29.76936573061509,82.28913999165115,0,0.0,15.359086356752965,16.28709360964781,0.0,0.0,45.4994986971788,6.496859684315945,5.817220841045895,51.207506642441075,65.34920076385623,1.4118420783282,11.033401435232523,0,70.05000000000001,160.43165376095357,10.555710787916862,0.0,4.5670996477913555,0.0,0.0,0,0,0,9.967957041894417,32.93928887024326,227.8905835653299,0.0,17.778560774924117,0.0,-5.443013905611343,-5.243535735371107,-16.376865303358816,-10.534926496959349,-16.987469565620138,0.0,0.291666666666666,32,1,7,0,1,1,2,2,4,6,1,8,6,0,1,1,5,3.4122000000000012,123.73070000000001,0,0,0,0,0,4,1,0,0,0,0,0,0,0,0,5,1,0,0,0,0,1,0,0,0,0,0,0,0,2,0,0,0,0,2,0,1,0,0,0,0,0,0,0,1,0,0,1,0,0,0,0,0,0,0,0,0,0,0,0,0,0,0,0,2,0,0,0,0,1,0,0,0,0,0,0,0,0,0,0,0,0,0,0,0
Ritonavir_rdkit,2.8937,-10.2374,-7.3437,6.933,0.5554,6.8051,0,931.259,-22.0313,-3.7296,-8.7906,512.6117,0.3356,6.3776,0.1569,3.7441,1.1013,1.1192,9.6351,7.3415,82.8641,-148.2053,109810.198,2701456.815,786.0791,875.582,-3.7441,1.4584000000000001,8.9468,0.5879,-5.3386,0.8379000000000001,0.546,8.0344,1.1756,-7.4883,4.7440999999999995,0.0184,1.4568,1.2945,-17.77,-1.21,0.6782,2.846,2,0,15.940063628975361,15.940063628975361,0.136973756827377,-6.187474980888869,0.106240465859103,33.2,720.962000000002,672.5780000000002,720.3127606360014,268,0,0.40731410843709703,-0.443765203623454,0.443765203623454,0.40731410843709703,1.04,1.78,2.42,0.806462415491614,2.438886005312674,3701.0531653249113,77.67639741685993,72.04101960624679,25.67401276810224,43.233529771693675,36.19801890003277,14.081122984924493,8.056093760031436,9.645987003093135,4.659499752410454,6.004990151560716,2.726969707058549,3.607793289587747,-4.33,1.2306723995441501e+26,9.751680849499463,19.165556143146798,12.21811936765673,369.75779807970076,30.675020935622864,12.576877711265933,4.235526234984602,7.3383793865841405,0.0,12.124354583276487,9.77851570501903,14.573052889090853,0.0,22.673571755869474,87.83175554581567,36.13963537274521,61.94413346639246,68.44598965741183,88.77818540359699,40.70510606849747,1.431199657232634,30.79730683261002,5.893957685363079,89.6098412177651,6.975826900282246,104.1453894787309,0,0.0,15.929440059865126,9.589074368143644,0.0,22.673571755869474,70.5489312659939,35.33309486776286,5.893957685363079,126.69342939616119,77.43978760993437,4.235526234984602,0.0,0,145.78000000000003,256.82268526341977,19.913964824102223,9.589074368143644,11.336785877934737,0.0,0.0,0,0,0,19.81362818680168,50.860674723676546,417.8594004311449,-0.6558581845389071,49.1580273571889,-4.929316185611501,-7.570911555517478,-13.717779586028694,-39.867286310624195,-27.366565128261346,-32.243044171084904,0.0,0.432432432432432,50,4,11,0,0,0,2,2,4,9,4,13,23,0,0,0,4,5.905200000000008,196.89689999999945,0,1,0,0,0,2,0,0,0,0,3,3,0,0,0,3,3,0,0,0,0,0,0,0,1,0,0,4,0,0,0,0,0,0,2,0,0,0,0,0,0,1,0,0,0,0,0,0,0,0,0,0,0,0,0,0,0,0,0,0,0,0,0,0,0,0,0,0,0,0,0,0,0,0,0,0,0,0,0,0,2,0,0,0,1
Tetracycline_rdkit,1.7267000000000001,-9.9081,-8.1814,7.2394,1.3554,3.1379,0,593.3639,-24.7007,-14.8411,-9.0448,283.3346,0.6618,5.8841,0.1699,4.2974,1.5693000000000001,0.8842000000000001,10.7226,7.1591000000000005,55.7953,-97.79,34860.0477,817723.4238,443.5437,480.8577,-4.2974,2.7154,11.3102,0.7303000000000001,-5.7684,0.9803000000000001,0.214,8.8088,1.4607,-8.5948,4.6435,0.0228,1.1398,1.6715,-13.604,3.0663,0.6782,0.7986000000000001,2,0,14.712938712522037,14.712938712522037,1.047268862351471,-5.13072479686319,0.33611046163052405,54.28125,444.43999999999977,420.2480000000002,444.1532657280006,170,0,0.29312943314989204,-0.50965062004994,0.50965062004994,0.29312943314989204,1.375,2.25,2.875,3.055135002692496,2.6279647394179193,1966.1819260792395,43.69578794377713,39.160413514710825,15.160413514710822,25.228922122119716,19.7130889961746,8.27742035285537,6.74716272063888,6.74716272063888,5.060961191353068,5.060961191353068,3.640294084188306,3.640294084188306,-3.210000000000001,151711060082.93582,7.143417536590318,6.644026762190543,2.47848404404513,216.69799341235432,31.263757931262333,22.840946106665523,14.20797991400503,8.645644260830208,10.200778701049408,0.0,19.28352128306594,0.0,0.0,0.0,12.08483741532659,38.78234101854984,35.18088113100829,22.66542899571121,66.0542321193017,17.473669622081385,7.155998286163171,4.899909730850478,17.507632346452432,30.44481110894208,13.951653800564491,51.918697909834755,0,5.749511833283905,5.719716975726273,0.0,5.749511833283905,0.0,77.78181636006367,15.190125179127332,11.787915370726157,52.44915264098466,40.791794926440765,2.823684156656401,2.862399314465268,0,181.61999999999998,141.94588635200952,21.237404333066564,0.0,0.0,0.0,0.0,0,0,0,25.54404095553606,26.428785116862212,201.32324393024388,0.0,41.58102907535467,21.932205697157443,-18.09164935223363,-23.382035304754233,-9.423400158647521,-5.107540627362057,-13.415186593091992,0.0,0.409090909090909,32,7,10,3,0,3,1,0,1,9,6,10,10,0,0,0,4,-0.214399999999999,109.54090000000005,0,4,2,0,0,0,0,1,0,0,3,3,0,0,0,1,0,1,0,1,0,0,0,0,0,0,0,1,0,0,0,0,0,0,1,0,3,0,0,0,0,0,0,0,0,0,0,0,0,0,0,2,2,0,0,0,0,0,0,0,0,0,0,0,0,1,1,0,0,0,0,1,0,0,0,0,0,0,0,0,0,0,0,0,0
Ribavirin_rdkit,3.5894,-10.9897,-7.4004,8.4915,-0.48750000000000004,5.1967,0,403.1941,-23.9266,-10.9136,-9.1951,139.3487,0.10650000000000001,8.979,0.1114,4.002,0.892,1.1508,12.8607,3.2105,91.3172,-55.2908,8911.6528,198303.1866,270.8028,263.2069,-4.002,0.6884,8.6923,0.44570000000000004,-6.2467,0.6957,1.3796,9.3835,0.8914000000000001,-8.0039,4.0337,0.0056,1.7591999999999999,1.1521,-15.122,1.4308,0.6782,0.2016,2,0,11.65510995988539,11.65510995988539,0.07946523053665801,-3.728677012471657,0.44284203167437103,60.705882352941174,244.2070000000001,232.111,244.080769484,94,0,0.28787817979295705,-0.393566843100328,0.393566843100328,0.28787817979295705,1.8823529411764701,2.764705882352941,3.470588235294117,3.117435134150075,2.7957268182195323,811.2535629008161,22.62939203306742,19.83009583431915,7.830095834319148,13.120156669734783,9.63555772028297,4.016385657891464,2.749015305244651,2.749015305244651,1.727136372191195,1.727136372191195,1.011793315086669,1.011793315086669,-1.55,1208539.195891094,3.985654387032409,4.372750406697864,2.001770596633754,112.67553541427829,25.78300450284796,25.914184350986414,9.027636966592956,10.118003469697829,5.9071797293515065,0.0,4.794537184071822,9.665781456092393,0.0,5.098681808301038,0.0,0.0,0.0,14.783536579937607,37.27681876104145,5.9071797293515065,4.293598971697903,14.76446326439343,5.719716975726273,24.44400689078652,6.558985242916289,12.127776211966154,0,0.0,5.719716975726273,0.0,0.0,0.0,65.09070586253073,4.736862953800049,0.0,26.41820438519984,6.303371713966227,2.823684156656401,0.0,0,143.72,54.75766505074674,4.794537184071822,0.0,4.6818029351451855,0.0,0.0,0,0,0,25.409084902569884,21.44945597534589,94.95356432852195,0.0,14.895273807831977,14.952492819263199,-0.48292122289687206,-2.537762804967665,0.0,-15.867956113000758,-3.662690814751827,0.0,0.625,17,5,9,0,1,1,0,1,1,8,4,9,6,0,1,1,2,-3.011499999999999,51.54930000000002,0,3,0,0,0,3,0,0,0,0,1,1,0,0,0,3,0,1,0,0,0,0,0,0,0,0,0,1,0,0,0,0,0,0,0,0,0,0,0,0,0,1,0,0,0,0,0,0,0,0,0,0,0,0,0,0,0,0,0,0,0,0,0,0,0,0,0,0,0,0,0,1,0,0,0,0,0,0,0,0,0,0,0,0,0
Omeprazole_rdkit,3.1287,-10.1636,-7.0349,7.3557,0.09820000000000001,3.8019,0,505.5592,-14.4298,-2.8743,-8.5992,239.8503,0.2482,7.2574,0.1378,3.7269,0.9572,1.1817,11.1078,5.7059999999999995,77.4746,-70.319,23683.494,592184.7366,384.8395,402.1815,-3.7269,1.0092,8.4631,0.5136000000000001,-5.5413,0.7636000000000001,0.859,8.3129,1.0273,-7.4539,4.6799,0.0123,1.3787,1.1582,-11.9609,-0.2727,0.6782,2.7449,2,0,13.641692019400349,13.641692019400349,0.077454569790879,-3.6051313303099,0.769239036567064,26.583333333333332,345.42399999999975,326.2720000000001,345.11471246800045,126,0,0.197303118021662,-0.49668356234297606,0.49668356234297606,0.197303118021662,1.416666666666666,2.333333333333333,3.125,3.127249513649506,2.398553212063243,1620.2348890879036,33.41133089340096,30.474633948355326,12.291130529283054,19.108732010820066,15.430265920058089,7.13288223881919,4.133771422179344,5.240501417646651,2.695317925468695,3.588282067121582,1.645567898100647,2.408566537153889,-2.41,374722810.5720307,5.046032640242357,6.604258967706701,2.98924702671277,168.99716961020292,14.45072917782935,11.49902366656781,6.568278560148908,0.0,0.0,0.0,9.192877013111676,4.983978520947208,0.0,0.0,0.0,25.78862164991795,34.308285351233806,61.01534583760285,39.768120489156736,21.83297047813683,0.0,14.94496031212367,0.0,24.565177601562226,14.075904917765177,41.1209823120471,0,11.49902366656781,9.473725907600098,0.0,11.49902366656781,0.0,33.22976372205331,16.504525928054466,13.703784234591359,41.49448498930643,29.45658781562535,1.4118420783282,11.033401435232523,0,77.1,113.09405897607911,4.208898492164469,0.0,4.977003270229252,0.0,0.0,0,0,0,19.441682949494513,26.085496089392155,171.1514402630824,0.0,7.21303843769933,-1.115329821743512,-9.173392456474684,-2.393240800831404,-2.844384027730264,-1.33824603870433,-6.970879661795847,-10.05678367127951,0.29411764705882304,24,1,6,0,0,0,1,2,3,5,1,7,9,0,0,0,3,2.89974,93.02110000000003,0,0,0,0,0,3,1,0,0,0,0,0,0,0,0,2,1,0,0,0,0,1,0,0,0,0,0,0,0,0,0,0,0,0,1,0,1,0,0,0,0,2,0,0,0,0,0,1,0,0,0,0,0,0,0,2,0,0,0,0,0,0,0,0,0,0,0,0,0,0,0,0,0,1,0,0,0,0,0,0,0,0,0,0,0
Boscalid_rdkit,2.6661,-10.521,-7.855,7.5888,0.8321000000000001,1.3293,0,518.1485,-10.109,-1.5093,-9.188,235.3184,0.3284,6.7567,0.148,4.2105,1.3119,0.9707,11.2506,6.6886,70.6517,-63.687,21716.9338,593210.1202,368.4853,370.2905,-4.2105,1.8816000000000002,10.3025,0.6232,-5.8997,0.8732000000000001,0.4798,8.9007,1.2463,-8.4209,4.7591,0.0154,1.305,1.4765000000000001,-7.0889,-2.1891,0.6782,1.827,2,0,13.15925222558159,13.15925222558159,0.05763463718820801,-1.44768588505361,0.655191526719444,17.652173913043477,343.21299999999974,331.11699999999996,342.03266836400036,114,0,0.25830721576055404,-0.321316428649828,0.321316428649828,0.25830721576055404,1.043478260869565,1.782608695652173,2.565217391304347,2.8102850124974132,2.4422083800086423,1403.30001672705,26.67676189578944,23.058604427482233,12.570462319519143,16.143417285438783,11.923729404741032,6.73244475525953,3.968961737888192,4.704939298347736,2.5431676610032,3.005647559485279,1.567010102950507,1.831838043292342,-2.359999999999999,25203535.2832808,6.634938369717691,6.816482904227554,3.524659784567599,160.3658009986353,5.3098133532883764,5.153109816892792,1.4118420783282,0.0,5.9071797293515065,0.0,4.794537184071822,4.983978520947208,0.0,0.0,53.41397331878151,35.77554503001347,22.446366290936645,20.641795609569414,21.28472338027244,34.7964457845001,0.0,4.983978520947208,0.0,0.0,5.3098133532883764,82.33627690977882,0,11.126902983393991,5.3098133532883764,5.687386274683562,0.0,23.20187978046503,10.891158250298714,0.0,0.0,25.436332793641235,66.5970822874477,11.587585208962318,11.126902983393991,0,41.99,105.05774589720788,4.794537184071822,0.0,5.3098133532883764,0.0,0.0,0,0,0,4.983978520947208,39.69206597666567,96.47643320525128,11.713875204194627,16.622268142845343,-1.297000965448282,-3.000877949945409,-1.44768588505361,-8.136649407101546,-0.7081401225201861,0.0,0.0,0.0,23,1,3,0,0,0,2,1,3,2,1,5,3,0,0,0,3,5.307700000000002,94.08820000000001,0,0,0,0,0,1,0,0,0,0,1,1,0,0,0,1,1,0,0,0,0,0,0,0,0,0,0,1,0,1,0,0,0,0,2,0,0,0,0,0,0,0,0,0,2,0,0,0,0,0,0,0,0,0,0,0,0,0,0,0,0,0,0,0,1,0,0,0,0,0,0,0,0,1,0,0,0,0,0,0,0,0,0,0,0
Ciprofloxacin_rdkit,2.3672,-9.774000000000001,-7.4067,7.0724,0.2484,8.9438,0,520.7436,-27.3439,-7.5879,-8.5904,215.8849,0.3554,6.824,0.1466,3.6604,0.9817,1.1849,11.0364,5.3975,65.9942,-71.3081,20027.4868,469161.8269,374.2357,377.9757,-3.6604,1.1195,8.4403,0.5364,-5.3664,0.7864,0.7333000000000001,8.0541,1.0728,-7.3208,4.5565999999999995,0.0143,1.2026,1.1478,-21.7338,1.2997,0.6782,3.2969,2,0,15.976568405139833,15.976568405139833,0.10271164021164,-3.9524481267356473,0.893229876350721,43.625,331.3469999999997,313.20300000000003,331.13321965600045,126,0,0.34072307867938,-0.47749702283390105,0.47749702283390105,0.34072307867938,1.5,2.25,2.916666666666666,3.178748970408878,2.320267595594568,1582.327642768043,32.71266028065169,29.44435013090069,11.444350130900691,18.683515962285192,15.195670940164062,6.34020905420024,4.568025040051622,4.568025040051622,3.141146405139941,3.141146405139941,2.050725022656962,2.050725022656962,-2.41,377724255.5057874,5.046032640242357,5.592172599010578,2.447861681064606,162.47726682929573,19.88563092303742,12.79251441107109,0.0,5.428790391900541,1.431199657232634,5.969305287951849,4.794537184071822,9.184952231746642,0.0,0.0,0.0,24.83068721798535,54.53051908025476,22.17015544166158,37.637739399905584,22.55961649471647,1.431199657232634,9.87691300107973,0.0,18.763742271008404,30.887348468114254,39.8617325348566,0,0.0,15.638513476039396,10.077801322358383,0.0,0.0,41.632651864114194,0.0,5.817220841045895,51.05386784550078,23.052269810213172,1.4118420783282,12.33412458931369,0,74.57,112.5877159379123,9.589074368143644,4.39041504767482,4.5670996477913555,0.0,0.0,0,0,0,5.108808191107212,24.77517863428435,161.302671810487,0.0,24.921012380673034,1.583146078137718,-6.416112473034822,-4.097440866179142,-6.725535714285714,-8.111813429292237,-15.539261119839226,0.0,0.41176470588235203,24,2,6,1,1,2,1,1,2,6,2,7,3,1,1,2,4,1.5833,88.47900000000004,0,0,0,0,1,1,0,0,1,1,1,0,0,0,0,2,1,0,0,0,0,0,0,0,0,0,0,0,0,1,0,0,0,0,1,0,1,0,0,0,0,0,0,0,1,0,0,0,0,0,0,0,0,0,0,0,0,0,0,0,0,0,0,0,0,0,0,0,0,0,1,0,0,1,0,0,0,0,0,0,0,0,0,0,0
Quinine_rdkit,2.4761,-9.7621,-7.286,7.0465,0.0548,4.9682,0,530.963,-8.7216,-3.0765,-8.5241,239.263,0.307,6.9918,0.14300000000000002,3.5507,0.9016000000000001,1.2452,10.8024,5.5488,65.3365,-69.0442,24097.6928,561753.8904,394.2119,412.519,-3.5507,0.9298000000000001,8.0311,0.5079,-5.2986,0.7579,0.8468,7.9481,1.0157,-7.1013,4.6249,0.0135,1.2922,1.0883,-4.7788,-1.5445,0.6782,2.2738,2,0,9.41312712585034,9.41312712585034,0.7553975340136041,-4.449563991045099,0.877601618478394,63.916666666666664,324.4239999999996,300.232,324.1837780080007,126,0,0.21102301563596101,-0.49674293960785804,0.49674293960785804,0.21102301563596101,1.791666666666666,2.791666666666666,3.666666666666666,2.942945380861067,2.333505302166256,1755.594917430569,37.54952357383516,35.71092377192764,11.710923771927643,21.28446959358909,18.388654714909553,6.48040642444569,4.615147750704714,4.615147750704714,3.270894789364538,3.270894789364538,2.18776379971959,2.18776379971959,-1.909999999999999,3768152280.4334393,4.077207469279656,6.187607918654215,2.502406333999389,176.11938846535955,9.84567114490726,5.749511833283905,0.0,1.431199657232634,0.0,0.0,9.883888251797686,0.0,0.0,6.531038962001867,6.052071746035566,60.76375118005104,39.15221569581758,35.08377387749148,41.37311793682233,10.902924932081056,1.431199657232634,9.883888251797686,11.787915370726157,24.843760297958394,20.03167182751448,48.48913224120237,0,5.749511833283905,4.736862953800049,0.0,5.749511833283905,0.0,42.473460396001656,0.0,11.787915370726157,55.91676611322085,42.925680749505375,0.0,10.902924932081056,0,45.59,126.70482623361681,2.74151711234044,0.0,0.0,0.0,0.0,0,0,0,14.82964966585447,30.21712933680725,206.61099735469062,0.0,2.837886797721078,3.317665409528007,-2.503357499399617,-9.778431382513727,-11.256080456216347,-14.108871377898932,-10.127330398236305,-3.409145114341481,0.45,24,1,4,0,3,3,1,1,2,4,1,4,6,0,3,3,5,3.1732000000000022,95.02680000000004,0,1,0,0,0,1,0,0,0,0,0,0,0,0,0,2,0,0,0,0,0,0,0,0,0,0,0,0,0,0,0,0,0,0,1,0,4,0,0,0,0,1,0,0,0,0,0,0,0,0,0,0,0,0,0,1,0,0,0,0,0,0,0,0,0,0,0,0,0,3,0,0,0,1,0,0,0,0,0,0,0,0,0,0,0
Cladribine_rdkit,3.2473,-10.5087,-7.2614,7.904,-0.2111,3.9807,0,434.8623,-22.0646,-8.588,-8.8851,169.3639,0.1569,8.1151,0.1232,3.8464,0.9117000000000001,1.1756,12.0023,4.2056000000000004,80.9974,-58.9674,12613.7916,308151.3187,300.3556,297.9165,-3.8464,0.8146,8.5074,0.47400000000000003,-5.8752,0.724,1.1228,8.8156,0.9480000000000001,-7.6928,4.2576,0.008,1.5544,1.1412,-12.0398,-2.115,0.6782,0.6004,2,0,8.58994992441421,8.58994992441421,0.045155019193168,-3.6584130527210883,0.648166823745113,51.0,285.6909999999998,273.595,285.0628669240003,102,0,0.225952826973795,-0.393568836028574,0.393568836028574,0.225952826973795,1.894736842105263,2.842105263157894,3.6315789473684212,3.059399299159941,2.403567033816425,1042.0989614766281,23.78409257144667,20.838777321900608,9.594706267919062,14.042659745549352,10.452470566859773,5.119511267941358,3.328196637549855,3.666258339441262,2.214749781333771,2.383780632279475,1.441690425946272,1.6017987460209682,-1.48,3451519.4479339723,4.8126222010358415,4.566261411123596,2.020359183400714,129.50429236067333,20.674196311740747,19.171430110673025,14.288724155259157,8.145985634509527,0.0,0.0,4.5670996477913555,4.983978520947208,9.967957041894417,0.0,0.0,11.600939890232516,9.11444201366982,25.796167764683602,28.744231942032627,28.582680606451532,2.862399314465268,19.519035210632982,0.0,24.73691376516591,12.278702218642561,11.586958034010486,0,0.0,5.719716975726273,5.817862777835028,0.0,11.600939890232516,51.31807220412894,4.736862953800049,0.0,23.54294616062769,6.303371713966227,8.10727047670066,11.16387793838399,0,119.31000000000002,59.86459775831169,0.0,0.0,10.286816623517627,0.0,0.0,0,0,0,25.16955194505605,32.98995476451599,98.95834097187661,5.759445815188809,10.944658479897928,7.203314049246964,-1.154100886120185,-0.5692180151381541,0.0,-15.338344513731421,-3.609651456776126,0.0,0.5,19,4,8,0,1,1,0,2,2,8,3,9,5,0,1,1,3,-0.2974,66.36500000000001,0,2,0,1,0,4,0,0,0,0,0,0,0,0,0,4,0,1,0,0,0,0,0,0,0,0,0,0,0,1,0,0,0,0,0,0,1,0,0,0,0,1,0,0,1,0,0,1,0,0,0,0,0,0,0,0,0,0,0,0,0,0,0,0,0,0,0,0,0,0,0,0,0,0,0,0,0,0,0,0,0,0,0,0,0
Hydroquinine_rdkit,2.4768,-9.749600000000001,-7.2728,7.0422,-0.08320000000000001,5.0615,0,540.5722,-8.5142,-3.0172,-8.5111,240.0084,0.301,7.1254,0.1403,3.4795,0.8496,1.2873,10.8271,4.589,65.2095,-70.1029,24667.6747,567090.6891,403.4958,423.2694,-3.4795,0.8097000000000001,7.7688,0.4884,-5.2609,0.7384000000000001,0.9328000000000001,7.8919,0.9767,-6.9591,4.2285,0.0117,1.3229,1.0421,-4.7337,-1.4415,0.6782,2.2659000000000002,2,0,9.433204601284958,9.433204601284958,0.9160225340136041,-4.761601028082135,0.9352397721690101,66.75,326.43999999999954,300.232,326.1994280720007,128,0,0.21102301561892803,-0.49674293960785804,0.49674293960785804,0.21102301561892803,1.708333333333333,2.708333333333333,3.583333333333333,2.941309014865123,2.337723215255264,1772.8930097961738,39.3948230354559,37.71092377192764,11.710923771927643,21.93041031809207,19.388654714909553,6.48040642444569,4.615147750704714,4.615147750704714,3.270894789364538,3.270894789364538,2.18776379971959,2.18776379971959,-1.65,6722938673.58965,3.863602072191056,6.337901628826777,2.579450840365649,179.6189324978794,9.84567114490726,5.749511833283905,0.0,1.431199657232634,0.0,0.0,9.883888251797686,0.0,0.0,0.0,13.224817018625059,60.76375118005104,46.0060084766687,30.971498208980815,44.11463504916278,10.902924932081056,1.431199657232634,9.883888251797686,11.787915370726157,38.06857731658345,20.03167182751448,35.90602153316493,0,5.749511833283905,4.736862953800049,0.0,5.749511833283905,0.0,42.473460396001656,0.0,11.787915370726157,71.88310024418634,30.34257004146794,0.0,10.902924932081056,0,45.59,127.34653254420442,2.74151711234044,0.0,0.0,0.0,0.0,0,0,0,14.82964966585447,32.95864644914769,223.53817360975793,0.0,2.65445417604982,3.227892061917358,-2.633150121191472,-10.634133287931542,-9.760784171049915,-19.163341150868817,-13.034003001921537,-3.4451081147619,0.55,24,1,4,0,3,3,1,1,2,4,1,4,7,0,3,3,5,3.397200000000002,95.12080000000006,0,1,0,0,0,1,0,0,0,0,0,0,0,0,0,2,0,0,0,0,0,0,0,0,0,0,0,0,0,0,0,0,0,0,1,0,4,0,0,0,0,1,0,0,0,0,0,0,0,0,0,0,0,0,0,1,0,0,0,0,0,0,0,0,0,0,0,0,0,3,0,0,0,1,0,0,0,0,0,0,0,0,0,0,0
Vardenafil_rdkit,1.2741,-9.3637,-8.0896,6.7844,1.0481,10.6681,0,707.2118,-32.439,-3.718,-8.7266,335.8112,0.579,5.7362,0.1744,3.9163,1.3371,1.0019,10.2981,6.4004,55.7097,-102.6773,48321.0015,1144107.8413,552.723,580.9771,-3.9163,2.1491,9.9817,0.6828000000000001,-5.3503,0.9328000000000001,0.2889,8.1215,1.3656000000000001,-7.8325,4.4329,0.0235,1.0424,1.4473,-28.983,-0.4162,0.6782,0.33530000000000004,2,0,14.751314743412681,14.751314743412681,0.289269136618507,-6.858670562909377,0.516411487478747,38.705882352941174,488.6139999999997,456.3580000000003,488.22057450400087,184,0,0.29903363710085,-0.493111618301978,0.493111618301978,0.29903363710085,1.2647058823529411,2.117647058823529,2.852941176470588,3.495014707590487,2.347328655879065,2611.3568348026924,52.28157438140403,48.22452302531906,17.04101960624679,28.712955733547375,24.412899268595822,9.905749001896499,5.811233503267275,7.534762845057566,3.902150768645966,5.285473201716374,2.516266644308142,3.431895648161628,-2.76,4795742137907.127,6.510793950850664,9.847325219794989,4.468392132046619,244.1801526512284,9.636772684650527,11.573916331283833,12.75294729394439,10.023291153407584,5.559266895052008,0.0,9.886243741654903,17.91717339889177,9.289194512243443,0.0,13.703784234591359,44.700824943226564,68.00008609901894,29.56564098583062,57.06001725773406,15.539991871023846,0.0,28.78018721523983,0.0,45.048901747359245,39.04328366449601,39.9993926949621,0,17.137367822980828,10.296129848852058,0.0,5.749511833283905,0.0,76.24126786406478,16.396216054736964,6.851892117295679,80.94044898734164,27.81727678257948,1.4118420783282,16.904556707313183,0,112.9,166.2712328964801,13.212334168400758,0.0,4.5153978936156225,0.0,0.0,0,0,0,9.967957041894417,48.6422202734051,292.9589872930369,0.0,17.161420876053484,-0.557727150853087,-6.906835582747382,-5.47276895591387,-6.190738134779215,-8.269899549097914,-43.11376823278965,-6.858670562909377,0.521739130434782,34,1,10,0,1,1,1,2,3,8,1,11,12,0,1,1,4,2.07042,129.81750000000005,0,0,0,0,0,4,1,0,0,0,0,0,0,0,0,5,1,0,0,1,0,1,0,0,0,0,0,0,0,0,2,0,0,0,1,0,1,0,0,0,0,1,0,0,0,0,0,1,0,0,0,0,0,0,0,0,0,0,0,0,0,0,0,0,0,0,0,0,0,0,1,0,0,0,0,0,1,0,0,0,0,0,0,0,0
Lamivudine_rdkit,2.856,-10.2312,-7.3752,7.8387,0.036000000000000004,6.8668,0,395.0603,-22.457,-7.3199,-8.8032,143.2321,0.18810000000000002,7.8028,0.1282,3.9374000000000002,0.9935,1.1256,12.2242,5.2185,81.1387,-46.9834,8766.0336,223090.8597,264.2505,253.865,-3.9374000000000002,1.012,8.8867,0.5046,-5.888,0.7546,0.9576,8.8322,1.0092,-7.8747,4.784,0.010100000000000001,1.3987,1.1919,-16.5072,0.6918000000000001,0.6782,2.5263,2,0,12.183768975182664,12.183768975182664,0.036062452758881,-3.22651029856387,0.7038615838122521,50.0,229.26100000000008,218.17299999999997,229.052112212,82,0,0.35114912918772,-0.39275837743683806,0.39275837743683806,0.35114912918772,2.266666666666666,3.2,4.0,2.686740979383121,2.718995952990018,790.6851049586654,20.29252873988395,17.974633948355326,7.791130529283052,11.633463462290253,8.869061139355242,4.382882238819189,2.2910563113975932,3.070095413760054,1.3791758992765701,2.007920470759362,0.812338809256506,1.287568284565776,-1.05,223547.59644859325,3.474073640950248,4.213446893102682,2.137865937402115,105.72436870061698,15.565388120633536,17.43386559854235,2.823684156656401,1.431199657232634,0.0,5.689743398203474,4.5670996477913555,4.794537184071822,4.983978520947208,11.761884949391115,0.0,6.042418707663295,14.619369208305358,14.783536579937607,23.63542375092542,17.57974772722614,1.431199657232634,9.551078168738563,0.0,11.616002820707322,17.98365910379272,22.69959450075335,0,0.0,11.409460373929747,5.817862777835028,0.0,11.761884949391115,33.76707815591563,4.736862953800049,0.0,17.170021259298313,17.009851102549877,2.823684156656401,0.0,0,90.37,47.60286504329032,4.794537184071822,0.0,22.04870157290874,0.0,0.0,0,0,0,10.092786712054421,19.957815217050843,87.79844009056153,-0.20905499391114502,15.35387140967498,3.738735103213818,-7.7722400059656565,-0.853685791446207,-0.964946906231628,-4.36486394557823,-3.22625496031746,0.0,0.5,15,3,6,0,1,1,0,1,1,7,2,7,4,0,1,1,2,-0.5941000000000001,56.36320000000002,0,1,0,1,0,2,0,0,0,0,0,0,0,0,0,2,0,1,0,0,0,0,0,0,0,0,0,0,0,1,0,0,0,0,0,0,0,0,0,0,0,1,0,0,0,0,0,0,0,0,0,0,0,0,0,0,0,0,0,0,0,0,0,0,0,0,0,0,0,0,0,0,0,0,0,1,0,0,0,0,0,0,0,0,0
Palbociclib_rdkit,1.6074000000000002,-9.5085,-7.9011,6.5567,1.007,7.7649,0,703.589,-17.2317,-3.4739,-8.7052,315.2652,0.6387,5.5497,0.1802,3.7819000000000003,1.2886,1.0385,9.7342,6.8931000000000004,54.1775,-94.8832,42299.0126,981966.6872,521.3753,539.8397,-3.7819000000000003,2.0663,9.63,0.6815,-5.1693,0.9315,0.2816,7.8453,1.3629,-7.5637,4.5318000000000005,0.026500000000000003,1.0664,1.4035,-11.6701,-2.7659000000000002,0.6782,6.6203,2,0,14.474702170022855,14.474702170022855,0.290016849332326,-4.398395028221626,0.575410887441827,44.36363636363637,447.5429999999997,418.31100000000026,447.2382731680008,172,0,0.26311018926024804,-0.367740192380875,0.367740192380875,0.26311018926024804,1.333333333333333,2.151515151515151,2.909090909090909,3.150670369746182,1.943379117661609,2423.015306773677,48.43627491978329,44.94699174942743,15.946991749427434,27.339017838463878,23.130384245463443,8.735957054463528,6.054361681515148,6.054361681515148,4.12627411733676,4.12627411733676,2.741193937143875,2.741193937143875,-3.33,1672056230716.4895,6.209455839522911,8.897288872412561,4.083227162146443,232.66922834022859,15.51953643742723,12.876882076930956,7.19508702469314,5.948339280986494,5.559266895052008,0.0,14.156174015934997,9.967957041894417,4.983978520947208,0.0,12.745849802658759,44.0979229442737,68.23810464195697,29.760559982727294,44.62870235732419,34.270234715102546,0.0,24.828848563921355,0.0,45.21337630825852,36.19716182140263,45.91133489947393,0,0.0,21.07880333247924,17.453588333505085,0.0,0.0,51.289718894261696,0.0,6.851892117295679,91.29340537502453,29.225165021027934,2.823684156656401,11.033401435232523,0,105.03999999999999,161.36467020795723,9.589074368143644,0.0,5.3098133532883764,0.0,0.0,0,0,0,14.951935562841626,39.83416517325235,239.93838374203582,0.0,38.2577968510339,-2.4030790113464953,-9.0521258071742,-5.116750091174697,-7.327549307039418,-19.882642633173674,-22.99736707649462,0.0,0.45833333333333304,33,2,9,1,1,2,0,3,3,9,2,9,7,1,1,2,5,2.9658200000000012,128.64690000000007,0,0,0,0,0,4,0,0,0,0,1,1,0,0,0,5,2,0,0,0,0,0,0,0,0,0,0,0,0,3,1,0,0,0,0,0,1,0,0,0,0,0,0,0,0,0,0,0,0,0,0,1,1,0,0,0,0,0,0,0,0,0,0,0,0,0,0,0,0,0,1,0,0,2,0,0,0,0,0,0,0,0,0,0,0
Risperidone_rdkit,1.8972,-9.3856,-7.4884,6.9813,0.6294000000000001,5.4523,0,649.9061,-15.2304,-2.6167,-8.437,282.3925,0.3521,6.3519,0.1575,3.8053,1.1402,1.0921,10.5443,6.7205,73.1872,-87.6461,34382.1912,798034.1706,482.8858,498.3006,-3.8053,1.5493999999999999,9.16,0.5992000000000001,-5.3933,0.8492000000000001,0.5108,8.1214,1.1985000000000001,-7.6106,4.8271,0.0189,1.1783000000000001,1.2943,-11.9583,-1.3336000000000001,0.6782,3.3268,2,0,14.509430188727372,14.509430188727372,0.627233723271123,-4.815487518041859,0.6577452185749301,47.166666666666664,410.49299999999965,383.27700000000016,410.2118043240008,158,0,0.256480373549741,-0.35589095870673104,0.35589095870673104,0.256480373549741,1.4,2.266666666666666,3.1,3.48172186094806,1.8775622397916472,2247.335286432548,44.62687384302478,41.48331543593679,14.483315435936786,24.995812251228752,21.542265892553345,8.042265892553345,5.631490912854904,5.631490912854904,3.815300408690914,3.815300408690914,2.471584920073936,2.471584920073936,-2.54,208767541634.37823,5.625518931629699,7.945993904374621,3.554833815619076,212.1735005999823,9.423004667823825,11.641625339045822,5.583020141642242,0.0,5.559266895052007,0.0,9.361636831863176,9.374393568622029,0.0,0.0,5.156663257125445,63.79507340790105,80.84482971208315,9.80620366335912,45.92399100124413,10.969244356107037,0.0,19.607651156714486,0.0,57.48025889495097,19.490579052947837,57.07399302255345,0,0.0,5.559266895052007,4.39041504767482,0.0,0.0,39.09823020966232,19.242709486974704,12.669112958341575,91.17185028667032,27.444888244035056,0.0,10.969244356107037,0,64.16,149.6865475211293,9.184952231746642,0.0,0.0,0.0,0.0,0,0,0,10.140641778072654,41.533575953569304,246.99030306851134,0.0,16.43821640539898,2.110759430134671,-9.237764011579728,-7.6888119073420444,-4.034324274712061,-25.615058906739048,-22.129986470338835,0.0,0.521739130434782,30,0,6,0,2,2,1,2,3,6,0,7,5,0,1,1,5,3.590420000000002,112.25800000000005,0,0,0,0,0,3,0,0,0,0,0,0,0,0,0,4,0,0,0,0,1,0,0,0,0,0,0,0,0,0,2,0,0,0,1,0,2,0,0,0,0,0,0,0,1,0,0,0,0,0,0,0,0,0,0,0,0,0,0,0,0,0,0,0,0,0,0,0,0,1,0,0,0,0,0,0,0,0,0,0,0,0,0,0,0
Yohimbine_rdkit,2.754,-9.4481,-6.6942,6.7957,-0.525,2.5822000000000003,0,573.1479,-10.0601,-3.6506,-8.0712,250.8942,0.1842,7.3207,0.1366,3.1354,0.6715,1.4847000000000001,10.5404,5.0461,82.0467,-76.3636,27245.504,629293.3492,426.2547,442.1555,-3.1354,0.46580000000000005,6.7365,0.4283,-4.9655000000000005,0.6783,1.1965,7.4672,0.8566,-6.2707,4.6579,0.0119,1.3974,0.8721,-6.8127,-0.275,0.6782,4.4235,2,0,13.845409717688982,13.845409717688982,0.23426433767951502,-5.057938397581257,0.7729574057454921,74.76923076923077,354.4499999999996,328.2420000000001,354.1943426920006,138,0,0.311086055783356,-0.46871279605772403,0.46871279605772403,0.311086055783356,1.5769230769230762,2.5,3.384615384615384,3.311884609727427,2.163281211136688,1941.3707668329735,40.765066523458984,38.619172062391506,12.619172062391506,22.851947608876927,20.039992455641443,7.184530569677622,5.310284482913037,5.310284482913037,3.910654044192907,3.910654044192907,2.790023054547959,2.790023054547959,-1.85,23754354049.033016,4.413897095121532,6.100098621183211,2.334348180507935,189.55207674549337,14.822674415136515,0.0,1.4118420783282,1.431199657232634,0.0,5.969305287951849,9.694446914922299,0.0,0.0,0.0,18.127256122989884,48.885485175403964,50.15195063811475,37.366647645077286,48.9502557553926,16.872230220032904,1.431199657232634,9.87691300107973,17.681873056089238,37.58961010061715,20.03167182751448,35.42705431719864,0,0.0,0.0,0.0,0.0,0.0,48.49791599183589,15.90432503920125,17.681873056089238,69.29225200696857,24.16967483065318,1.4118420783282,10.902924932081056,0,65.56,132.5023492523029,13.01908852109314,0.0,4.977003270229252,0.0,0.0,0,0,0,9.84567114490726,27.516695746624794,229.33679477894566,0.0,12.803026167046504,2.976155370811981,-4.146989971174675,-17.904295694893868,-8.97957911175179,-22.933301452410632,-9.123567649281938,-4.028242437291288,0.5714285714285711,26,2,5,1,2,3,1,1,2,4,2,5,3,1,1,2,5,2.6471,98.66050000000006,0,1,0,0,0,1,1,0,0,0,1,1,0,0,0,1,1,0,0,0,0,1,0,0,0,0,0,0,0,0,1,0,0,0,1,0,6,0,0,0,1,1,0,0,0,0,0,0,0,0,0,0,0,0,0,1,0,0,0,0,0,0,0,0,1,0,0,0,0,1,0,0,0,0,0,0,0,0,0,0,0,0,0,0,0
Camptothecin_rdkit,2.2057,-10.537700000000001,-8.332,7.7181,1.3911,6.7175,0,542.29,-15.3716,-4.7704,-9.4349,236.2048,0.5068,6.327,0.158,4.5546,1.6393,0.8401000000000001,11.3646,7.0882,54.3651,-73.1675,23096.9264,563273.3772,383.1031,388.9701,-4.5546,2.7937000000000003,11.9029,0.7199,-6.1363,0.9699000000000001,0.2482,9.3574,1.4398,-9.1092,4.6718,0.018500000000000003,1.2443,1.7561,-11.9968,0.7174,0.6782,5.7764,2,0,13.896591500797845,13.896591500797845,0.14861866969009702,-3.956159602015484,0.5327639891125651,34.23076923076923,348.3579999999998,332.2300000000001,348.11100699200045,130,0,0.342676338223108,-0.458197728125799,0.458197728125799,0.342676338223108,1.5,2.384615384615384,3.230769230769231,3.100058119909163,2.068803300378997,1832.4217087068143,31.85892465059366,28.52742035285537,12.52742035285537,19.03446959358909,15.046903005373416,7.138654714909554,5.457757793678461,5.457757793678461,4.021331351421177,4.021331351421177,2.7686004084392692,2.7686004084392692,-2.9899999999999993,616482772.022894,6.025843089972049,5.016137241019722,1.8187570089948242,170.79444112770835,14.412770792698616,6.558985242916289,5.601050810983688,1.431199657232634,5.559266895052007,5.969305287951849,4.794537184071822,9.77851570501903,0.0,0.0,24.979148240285564,24.500181024319264,23.366919978709884,42.67245344502835,35.20158667153238,16.872230220032908,1.431199657232634,9.551078168738563,0.0,31.881712756840983,0.0,63.298670800194586,0,11.387855989696922,5.559266895052007,0.0,0.0,0.0,22.06039130503026,28.188295876087793,0.0,50.476549836269385,41.04904943005159,0.0,22.29078092177798,0,81.42,118.6459325826936,9.589074368143644,0.0,4.5670996477913555,0.0,0.0,0,0,0,14.829649665854468,21.992577999785933,135.4992797435711,0.0,31.092943147100094,3.805194208499132,-11.342809495048401,-2.113914498433799,-5.239269473292428,-3.956159602015484,-10.495264030380204,0.0,0.25,26,1,6,0,2,2,1,2,3,6,1,6,3,0,0,0,5,2.0796,94.5248,0,1,0,0,0,2,0,0,0,0,1,1,0,0,0,2,0,0,0,0,0,0,0,0,0,0,0,0,0,0,0,0,0,0,1,0,5,0,0,0,1,1,0,0,0,0,0,0,0,0,0,0,0,0,1,0,0,0,0,0,0,0,0,0,1,0,0,0,0,0,0,0,0,2,0,0,0,0,0,0,0,0,0,0,0
Colchicine_rdkit,2.3271,-10.0452,-7.7181,7.044,0.5558000000000001,5.7999,0,612.6531,-18.4137,-3.3174,-8.8817,273.0446,0.4758,6.4882,0.15410000000000001,3.7999,1.1129,1.1038000000000001,10.5268,6.0602,56.7387,-87.1559,31577.5554,736627.7924,466.6115,480.1498,-3.7999,1.4627,9.0624,0.5857,-5.4219,0.8357,0.5571,8.1568,1.1713,-7.5997,4.4937000000000005,0.0164,1.2353,1.2796,-17.1608,1.3863,0.6782,5.3469,2,0,13.730244025213132,13.730244025213132,1.082371267951625,-4.5459946617535945,0.832522008138535,35.51724137931034,399.4429999999997,374.24300000000017,399.16818752000063,154,0,0.22021569346160302,-0.49270383913776206,0.49270383913776206,0.22021569346160302,1.172413793103448,1.93103448275862,2.689655172413793,3.039488502590159,3.083725695627611,1927.7016694675017,42.48868116259058,38.89670333828313,13.896703338283135,23.74335914693518,19.685668643319232,7.238455047819274,5.069431777656972,5.069431777656972,3.538143432935407,3.538143432935407,2.435089147777275,2.435089147777275,-3.219999999999999,26855512390.153725,5.6825955294134225,8.426176651903862,3.721770404485165,204.2870391996901,24.257265168488573,0.0,18.660377578179915,17.08548195453595,0.0,0.0,9.589074368143644,0.0,0.0,0.0,6.042418707663295,47.56346040073963,22.010653502184212,57.472597758773794,58.05203642568556,5.9071797293515065,0.0,5.3098133532883764,0.0,25.615634388304084,28.151809835530354,45.51990539001953,0,34.12495031652961,29.686055560389114,0.0,22.99804733313562,0.0,34.05898956488186,11.167462085401201,0.0,63.26781781845405,28.964212014725,1.4118420783282,11.126902983393991,0,83.09000000000002,139.83475582895164,10.959832924313863,0.0,0.0,0.0,0.0,0,0,0,4.736862953800049,47.149877731643436,221.20871876789033,0.0,26.860304149839457,-1.082371267951625,-9.257348413162582,-9.534441786101238,-11.813158895502648,-8.88584325396826,-4.005133273095491,-15.157392694614558,0.36363636363636304,29,1,7,1,0,1,2,0,2,6,1,7,10,0,0,0,3,2.871600000000001,109.23470000000005,0,0,0,0,0,0,0,0,0,0,1,1,0,0,0,0,1,0,0,0,0,0,0,0,0,0,0,1,0,0,0,0,0,0,1,0,3,0,0,0,0,4,0,0,0,0,0,0,0,0,0,0,0,0,0,4,0,0,0,0,0,0,0,0,0,0,0,0,0,0,0,0,0,0,0,0,0,0,0,0,0,0,0,0,0
Ketanserin_rdkit,1.6477,-9.4391,-7.7914,7.2149,1.1028,4.6815999999999995,0,605.4463,-16.6156,-3.9552,-8.6153,269.799,0.45070000000000005,6.1122,0.1637,4.1588,1.4172,0.9459000000000001,10.8835,7.2063,65.8645,-84.1087,30532.5876,723278.4555,440.4725,459.2842,-4.1588,2.2742,10.5919,0.6809000000000001,-5.6869,0.9309000000000001,0.3145,8.6322,1.3618000000000001,-8.3177,4.8861,0.021400000000000002,1.1298,1.5372,-14.4885,1.1499,0.6782,0.3709,2,0,14.24290343748218,14.24290343748218,0.449686572319252,-4.708707472690383,0.6735760490733901,35.62068965517241,395.43399999999974,373.25800000000015,395.16451978400056,150,0,0.328376290353862,-0.306647700781896,0.328376290353862,0.306647700781896,1.206896551724138,1.896551724137931,2.620689655172413,3.000094116492755,2.091444186021513,2122.50422981107,39.892304845413264,35.94435013090069,13.944350130900691,22.698929172439204,18.537422649700197,7.590209054200241,5.184277317354948,5.184277317354948,3.391027357706421,3.391027357706421,2.075435165293272,2.075435165293272,-3.06,16191688552.377213,6.2179179767447,8.126207150619834,4.048073139800842,197.11047807661924,9.87691300107973,5.817220841045895,7.19508702469314,0.0,5.559266895052007,5.689743398203474,14.156174015934997,9.184952231746642,0.0,0.0,12.08483741532659,61.994081417270415,39.5294726635644,24.610510493783252,39.38272398964947,16.686169878445998,0.0,14.444012648871086,5.893957685363079,19.242709486974704,19.490579052947837,80.55810665544838,0,0.0,11.24901029325548,4.39041504767482,0.0,0.0,39.717836648183855,6.496859684315945,11.711178526408974,51.88976815800224,57.92842402945,1.4118420783282,10.902924932081056,0,75.17,146.72646103990746,18.774026599890284,0.0,0.0,0.0,0.0,0,0,0,0.0,30.197771757902814,195.61695772894268,0.0,39.0970095210003,-1.277230486335166,-7.072547492391851,-8.887024560141448,-10.931658601873954,-9.257241964801945,-18.53826414439871,0.0,0.318181818181818,29,1,6,0,1,1,2,1,3,5,1,7,5,0,1,1,4,2.4238,108.72320000000005,0,0,0,0,0,2,1,0,0,0,1,1,0,0,0,2,1,0,0,0,1,1,0,0,0,0,0,0,0,0,0,0,0,0,2,0,1,0,0,0,0,0,0,0,1,0,0,0,0,0,0,1,1,0,0,0,0,0,0,0,0,0,0,0,1,0,0,0,0,1,0,0,0,0,0,0,0,0,0,0,0,0,0,0,0
Caffeine_rdkit,3.4242,-10.5814,-7.1572,8.3483,-0.459,4.063,0,357.4395,-12.8167,-2.5542,-8.8693,124.4981,0.1041,8.8073,0.1135,3.9447,0.8834000000000001,1.1656,13.161,3.7494,84.2295,-42.1539,6699.9253,153302.1722,236.2906,222.6812,-3.9447,0.6898000000000001,8.5791,0.4479,-6.1465,0.6979000000000001,1.3424,9.2317,0.8958,-7.8893,4.5105,0.0066,1.6104,1.1112,-10.438,-0.5026,0.6782,4.431,2,0,12.367749905517762,12.367749905517762,0.08692129629629601,-3.359733560090705,0.5384628262372211,24.285714285714285,194.19400000000007,184.11399999999998,194.08037556,74,0,0.331703432635988,-0.327863466099482,0.331703432635988,0.327863466099482,1.357142857142857,2.1428571428571432,2.785714285714285,2.61181246999358,3.2624550198164632,924.4226056352684,18.825908934703556,16.60535096292756,6.6053509629275595,10.581239458947708,8.367923065713633,3.367923065713632,2.477974334493392,2.477974334493392,1.691356254769267,1.691356254769267,1.030864976378909,1.030864976378909,-1.8499999999999992,73428.49578139953,2.818538827908887,2.567947901122792,0.875774162713943,93.07866201982742,4.5670996477913555,1.37075855617022,11.16387793838399,0.0,5.559266895052008,5.689743398203474,13.928736479654532,9.77851570501903,0.0,0.0,0.0,0.0,33.264307706378716,6.303371713966227,13.7075855617022,11.16387793838399,0.0,18.68527746432127,20.927480700846736,0.0,0.0,27.14145637536535,0,0.0,11.24901029325548,0.0,0.0,0.0,18.68527746432127,20.927480700846736,0.0,13.7075855617022,15.89244608210987,0.0,11.16387793838399,0,61.82,49.64374064645243,9.589074368143644,0.0,13.701298943374063,0.0,0.0,0,0,0,4.983978520947208,13.7075855617022,73.02208286092214,0.0,27.956288265306124,0.0,-5.153896447467876,0.0,0.0,-1.011303854875283,-9.72983749055178,0.0,0.375,14,0,6,0,0,0,0,2,2,6,0,6,3,0,0,0,2,-1.0293,51.19600000000002,0,0,0,0,0,4,0,0,0,0,0,0,0,0,0,4,0,0,0,0,0,0,0,0,0,0,0,0,0,0,2,0,0,0,0,0,1,0,0,0,0,0,0,0,0,0,0,1,0,0,0,0,0,0,0,0,0,0,0,0,0,0,0,0,0,0,0,0,0,0,0,0,0,0,0,0,0,0,0,0,0,0,0,0,0
Ibuprofen_rdkit,4.0921,-10.5542,-6.462,8.0486,-1.0301,1.9008,0,433.409,-9.9177,-5.825,-8.5081,155.418,0.0614,9.0788,0.1102,3.5093,0.6782,1.3593,12.2368,3.5623,99.417,-45.1716,10236.7206,234134.0138,303.6243,292.0548,-3.5093,0.3385,7.357,0.3865,-5.7789,0.6365000000000001,1.7084000000000001,8.7269,0.7731,-7.0185,4.3903,0.0059,1.8609,0.9418000000000001,-5.5594,0.7886000000000001,0.6782,3.8642000000000003,2,0,12.01275738308409,12.01275738308409,1.437363000755857,-4.012712191358025,0.8215995486924971,36.266666666666666,206.28500000000014,188.14099999999996,206.130679816,82,0,0.31018535153231,-0.480788501925738,0.480788501925738,0.31018535153231,1.6,2.333333333333333,2.8666666666666663,2.614794598810607,4.245068196354044,897.6133951693004,26.74855866551393,25.316496580927726,7.316496580927726,14.36813182138298,12.566496580927726,3.658248290463863,2.412457478565265,2.412457478565265,1.3291241452319311,1.3291241452319311,0.727062072615965,0.727062072615965,-1.31,2223830.510396445,2.195241043594357,4.964460295417243,3.387630631562938,116.3178930336608,5.108808191107212,0.0,0.0,0.0,1.431199657232634,5.969305287951849,4.794537184071822,0.0,0.0,0.0,37.87345906524454,30.245677687382127,17.819861230212858,11.376991910043959,33.20624083007277,5.969305287951849,1.431199657232634,0.0,5.893957685363079,32.8225589385795,0.0,35.29657781404717,0,0.0,0.0,0.0,0.0,0.0,11.078113479059063,11.167462085401201,5.893957685363079,60.879432475537904,24.16967483065318,0.0,1.431199657232634,0,37.3,79.98239972594158,4.794537184071822,0.0,0.0,0.0,0.0,0,0,0,5.108808191107212,24.734095112126372,138.26587939092968,0.0,12.01275738308409,3.548795264604924,-2.941406840513983,-9.813481434240364,-6.019232804232802,-3.914287485827664,-11.4723568071372,0.0,0.461538461538461,15,1,2,0,0,0,1,0,1,2,1,2,7,0,0,0,1,3.073200000000001,61.03480000000004,1,0,0,0,0,0,0,0,1,1,1,0,0,0,0,0,0,0,0,0,0,0,0,0,0,0,0,0,0,0,0,0,0,0,1,0,0,0,0,0,0,0,0,0,0,0,0,0,0,0,0,0,0,0,0,0,0,0,0,0,0,0,0,0,0,0,0,0,0,0,0,0,0,0,0,0,0,0,0,0,0,0,0,0,0
Cimetadine_rdkit,3.4292,-9.685,-6.2558,7.2099,-0.9182,11.3583,0,448.5068,-21.7376,-3.1418,-7.9704,176.4434,0.1375,8.128,0.123,3.1458,0.6089,1.5158,11.4079,4.6167,95.717,-50.3649,13066.7535,325152.8033,315.4508,313.1847,-3.1458,0.306,6.5977,0.3871,-5.1778,0.6371,1.5271,7.8188,0.7743,-6.2917,4.8665,0.0091,1.5746,0.8218000000000001,-14.8734,-4.4006,0.6782,2.425,2,0,8.716968519160595,8.716968519160595,0.007647874245096001,-3.667935681216931,0.308908723341352,28.764705882352942,252.34700000000015,236.219,252.11571551199998,92,0,0.20866777981699902,-0.358562072655282,0.358562072655282,0.20866777981699902,2.058823529411764,3.0,3.764705882352941,2.9234419554342552,3.494835644950564,941.286548135155,26.36987900907357,24.091529863463613,8.908026444391338,14.519726715569107,11.709563852213508,4.684419646641358,2.1742202065977922,2.786592642293587,1.19819209790394,1.686952501586892,0.591278479596374,0.9725893208141421,-1.6800000000000002,2916107.0395680713,3.202589640329544,7.570081043458362,4.7817848631942805,127.57924078154417,15.596629976806003,1.37075855617022,4.235526234984602,12.152710664522676,0.0,0.0,0.0,4.983978520947208,17.0237765041296,4.992404732635669,0.0,6.851892117295679,47.02563102378964,11.997299708814687,22.05538746519746,17.72143951813495,5.261891554738487,20.58060849775321,4.992404732635669,12.556849002445837,19.177643469748347,17.69122770366315,0,6.19315609577884,10.619626706576751,0.0,0.0,11.761884949391115,35.09817982966865,5.704956885150159,18.306939767813006,29.207717219909778,11.295776446601895,4.235526234984602,0.0,0,88.88999999999999,77.76678640056905,0.0,0.0,4.977003270229252,0.0,6.19315609577884,0,0,0,9.976383253582878,27.317279019935945,122.18786327469356,-0.521210789871503,6.225377794470508,7.688838702757192,-8.80561569449737,-1.444817281851011,0.0,0.071472426608384,-10.15190843230977,0.0,0.5,17,3,6,0,0,0,0,1,1,4,3,7,7,0,0,0,1,0.597399999999999,69.59710000000001,0,0,0,0,0,2,1,0,0,0,0,0,0,0,1,3,3,0,0,0,0,1,0,0,0,0,0,0,0,0,0,0,0,0,0,0,0,0,0,0,0,0,0,1,0,0,0,1,0,0,0,0,0,0,0,0,0,1,0,0,0,0,0,0,0,0,0,0,0,0,0,0,0,0,0,1,0,0,0,0,0,0,0,0,0
Nevirapine_rdkit,2.5005,-9.9647,-7.4642,7.3267,0.2868,2.549,0,458.0012,-9.8128,-2.1054,-8.7145,189.0603,0.3516,7.0399,0.14200000000000002,3.8068,1.0293,1.1359,11.6098,5.4726,64.4214,-55.0363,14713.241,353699.1611,316.7435,312.8533,-3.8068,1.1902,8.8037,0.5407000000000001,-5.5667,0.7907000000000001,0.7425,8.356,1.0815,-7.6135,4.7344,0.013600000000000001,1.2019,1.1904,-7.0588,-1.3269,0.6782,1.259,2,0,13.213574263038545,13.213574263038545,0.069432634164777,-3.211460104875284,0.861716125086419,34.9,266.3039999999998,252.19199999999998,266.1167610680003,100,0,0.259040848923194,-0.31847430289572703,0.31847430289572703,0.259040848923194,1.5,2.35,3.15,3.057425241892186,2.256150993978391,1261.217863622602,25.919767061838233,23.697102672463696,9.697102672463696,15.335128648705794,12.413798920481701,5.466585324981743,3.919006946408316,3.919006946408316,2.7313549027620763,2.7313549027620763,1.82594727959641,1.82594727959641,-2.43,14887019.312605951,4.036621409073112,4.030422454929436,1.591657642648896,135.93970314082148,10.209723084138854,5.817862777835028,7.229704856163229,0.0,5.9071797293515065,0.0,4.794537184071822,9.967957041894417,0.0,0.0,0.0,43.28844953464132,27.958992783170704,19.475389103401877,24.02624049261288,23.230291559705126,0.0,9.967957041894417,0.0,25.615634388304084,10.209723084138854,41.5999495280134,0,0.0,10.209723084138854,17.323111830353618,0.0,0.0,21.893029239595567,0.0,6.851892117295679,46.487151200337465,30.473046544619407,1.4118420783282,0.0,0,58.12,90.4458754760226,4.794537184071822,0.0,5.3098133532883764,4.899909730850478,0.0,0,0,0,9.967957041894417,19.23170330854106,112.41565243921643,0.0,20.970520597127738,-0.069432634164777,-2.862946900982614,-3.230156368102796,-5.802795033908625,-7.876048660976739,-3.211460104875284,0.0,0.266666666666666,20,1,5,1,1,2,0,2,2,4,1,5,2,1,0,1,4,2.65122,76.32520000000002,0,0,0,0,0,2,0,0,0,0,1,1,0,0,0,3,1,0,0,0,0,0,0,0,0,0,0,1,0,3,0,0,0,0,0,0,2,0,0,0,0,0,0,0,0,0,0,0,0,0,0,0,0,0,0,0,0,0,0,0,0,0,0,0,0,0,0,0,0,0,0,0,0,2,0,0,0,0,0,0,0,0,0,0,0
Bifonazole_rdkit,3.1156,-10.0002,-6.8846,7.4352,0.039900000000000005,4.4366,0,555.6136,-6.5037,-0.6438,-8.4424,249.3779,0.1893,7.3953,0.13520000000000001,3.7375,0.9445,1.1849,11.0482,6.0039,85.5496,-62.1207,23987.3119,595535.5035,396.9772,394.0483,-3.7375,0.9648,8.4398,0.5054000000000001,-5.5864,0.7554000000000001,0.9046000000000001,8.3797,1.0108,-7.4751,4.7885,0.0118,1.4563000000000001,1.16,-2.801,-3.7372,0.6782,5.3475,2,0,9.481257663559251,9.481257663559251,0.317209739982106,-3.1884702800873432,0.50713554442956,23.833333333333332,310.39999999999964,292.256,310.1469985760005,116,0,0.104332750962216,-0.32585382812485003,0.32585382812485003,0.104332750962216,0.75,1.333333333333333,1.958333333333333,3.196443645859182,2.281262937142034,1742.7016405692411,31.908812703358322,29.894427190999917,11.894427190999917,19.330809894269144,15.618033988749897,6.618033988749896,4.369427190999915,4.369427190999915,2.939918693812441,2.939918693812441,1.928811896062462,1.928811896062462,-3.129999999999999,765030429.3126451,4.700155880145586,6.548506444939078,2.863937426311997,166.89587674366234,4.5670996477913555,1.37075855617022,0.0,0.0,0.0,0.0,0.0,4.983978520947208,0.0,0.0,84.59386190728614,22.253805966787983,12.345790421629522,35.624159637209615,24.673654011063956,0.0,0.0,9.551078168738563,0.0,6.017892468349645,0.0,114.3699270262759,0,11.126902983393991,0.0,0.0,0.0,0.0,9.551078168738563,0.0,0.0,41.818449462807614,103.24302404288188,0.0,11.126902983393991,0,17.82,131.5147224780195,1.37075855617022,0.0,0.0,4.5670996477913555,0.0,0,0,0,4.983978520947208,23.302895454893736,150.32914371526346,0.0,3.479980286455546,0.0,-3.393195226156985,0.0,-16.320311859499242,-2.845616916062788,0.0,0.0,0.045454545454545005,24,0,2,0,0,0,3,1,4,2,0,2,4,0,0,0,4,5.187800000000004,97.78800000000003,0,0,0,0,0,2,0,0,0,0,0,0,0,0,0,2,0,0,0,0,0,0,0,0,0,0,0,0,0,0,0,0,0,0,3,0,0,0,0,0,0,0,0,0,0,0,0,1,0,0,0,0,0,0,0,0,0,0,0,0,0,0,0,0,0,0,0,0,0,0,0,0,0,0,0,0,0,0,0,0,0,0,0,0,0
Etodolac_rdkit,2.6565000000000003,-9.5157,-6.8592,7.1011,-0.6854,2.8861,0,491.2597,-11.0126,-6.0831,-8.1874,204.9557,0.1646,7.7864,0.1285,3.2078,0.6608,1.4655,11.4548,4.5236,80.629,-62.296,17925.8037,415742.4239,364.3709,366.5411,-3.2078,0.4088,6.8245000000000005,0.41200000000000003,-5.1545,0.662,1.3462,7.7619,0.8240000000000001,-6.4157,4.7813,0.010100000000000001,1.426,0.8521000000000001,-5.8394,0.23170000000000002,0.6782,4.1496,2,0,12.619963708496353,12.619963708496353,0.32858560090702904,-4.344787414965987,0.9057842881790301,43.904761904761905,287.3589999999996,266.191,287.1521435320006,112,0,0.306201518997805,-0.48114130189667903,0.48114130189667903,0.306201518997805,1.761904761904761,2.714285714285714,3.523809523809523,3.112235261818268,2.929232297272737,1467.6783688566697,33.187716254269354,31.171958466891546,10.171958466891548,18.447247070497674,15.869172062391506,5.513710176427685,3.981784836020042,3.981784836020042,2.85177430278853,2.85177430278853,1.9912116792477432,1.9912116792477432,-1.8099999999999992,214410312.00751424,3.567149590383935,5.187313539396647,2.141048187654557,153.31928442392297,14.822674415136515,5.601050810983688,1.4118420783282,0.0,1.431199657232634,5.969305287951849,4.794537184071822,0.0,0.0,0.0,31.831040357581244,30.24567768738213,30.09354471846413,25.479630919945226,42.09646297454148,16.872230220032904,1.431199657232634,4.977003270229252,0.0,44.79653465089256,6.558985242916289,34.94808710123234,0,0.0,0.0,0.0,0.0,0.0,22.6141019922046,27.878300751514317,0.0,69.31487758272678,18.127256122989884,1.4118420783282,12.33412458931369,0,62.32,103.17583721507411,4.794537184071822,0.0,4.977003270229252,0.0,0.0,0,0,0,5.108808191107212,33.624317256595056,175.52074222890107,0.0,12.291378107589324,2.443839878722634,-10.088702457063071,-2.405930321974468,-3.837731271520955,-16.09645286123709,-11.827143303417435,0.0,0.47058823529411703,21,2,4,0,1,1,1,1,2,3,2,4,6,0,0,0,3,3.383000000000002,81.55450000000005,1,0,0,0,0,1,1,0,1,1,1,0,0,0,0,0,1,0,0,0,0,1,0,0,0,0,0,0,0,0,2,0,0,0,1,0,3,0,0,0,0,1,0,0,0,0,0,0,0,0,0,0,0,0,0,0,0,0,0,0,0,0,0,0,1,0,0,0,0,0,0,0,0,0,0,0,0,0,0,0,0,0,0,0,0
Griseofulvin_rdkit,2.6096,-10.4319,-7.8223,7.5523,0.7939,8.6956,0,550.2888,-16.2695,-2.9031000000000002,-9.1271,219.8625,0.3456,6.7584,0.148,4.1731,1.2884,0.9832000000000001,11.3117,6.2647,66.1641,-74.0334,20827.1913,513297.2209,391.4472,390.5241,-4.1731,1.8252000000000002,10.1714,0.6175,-5.8627,0.8675,0.49450000000000005,8.8407,1.2349,-8.3462,4.6151,0.015,1.2741,1.4502000000000002,-16.3001,2.2555,0.6782,2.2138,2,0,14.168060712711007,14.168060712711007,1.130222978080121,-4.195298130826406,0.8326610784751861,43.291666666666664,352.76999999999975,335.63400000000007,352.07136594400043,128,0,0.23072506743992602,-0.49616751844746304,0.49616751844746304,0.23072506743992602,1.375,2.125,2.833333333333333,3.063024231908866,2.604143798311253,1357.352929352707,32.10192981664245,28.327454215792407,12.083383161810861,18.049983473961117,14.48022368882393,6.358188161833157,4.503161616207963,4.881126089217191,3.325469288422138,3.668754874888844,2.3097258264427,2.528614178802205,-2.21,130156960.03948574,5.66055218156775,5.7015415541703725,2.02158699012613,167.70949088646643,18.947451815200196,22.08510847200613,17.29192165130502,11.384295757348628,0.0,0.0,9.589074368143644,0.0,0.0,0.0,18.452832007528194,0.0,32.58592437741264,36.19220149452019,51.839421638237624,23.167429782962394,0.0,0.0,5.893957685363079,18.825867829608747,21.113857376647765,28.439740130793357,0,17.248535499851716,14.210588861400147,0.0,17.248535499851716,11.600939890232516,38.28139808036133,9.53140013787187,5.893957685363079,46.88570114928765,17.853655325355035,5.022633313741326,0.0,0,71.06,103.08844841499455,9.589074368143644,0.0,0.0,0.0,0.0,0,0,0,9.473725907600098,44.37756125272638,151.3663175022011,6.154996251329749,27.020982360156165,-1.130222978080121,-5.231616000566893,-13.882524570045087,-3.05406772276812,-4.033754251700682,-4.09002739984883,-10.592305412899524,0.41176470588235203,24,0,6,1,1,2,1,0,1,6,0,7,7,0,0,0,3,2.8103,86.12550000000005,0,0,0,0,0,0,0,0,0,0,2,2,0,0,0,0,0,0,0,0,0,0,0,0,0,0,1,0,0,0,0,0,0,0,1,0,1,0,0,0,0,4,0,0,1,0,0,0,0,0,0,2,1,0,0,3,0,0,0,0,0,0,0,0,0,0,0,0,0,0,0,0,0,0,0,0,0,0,0,0,0,0,0,0,0
Lidocaine_rdkit,3.6827,-9.7526,-6.0699,7.2705,-1.3275000000000001,4.5152,0,454.1434,-7.8939,-1.219,-7.9113,181.016,0.0863,8.598,0.1163,2.9715,0.5136000000000001,1.6395,11.5193,3.3088,93.8535,-51.1336,13880.2169,311485.8191,334.2272,334.428,-2.9715,0.1575,6.1005,0.3456,-5.121,0.5956,1.841,7.7841000000000005,0.6912,-5.9431,4.4425,0.007,1.7652,0.737,-7.0555,-0.29760000000000003,0.6782,3.5686999999999998,2,0,13.304207294028718,13.304207294028718,0.8500784202569911,-4.472629086356767,0.8489671904749561,35.11764705882353,234.3430000000002,212.16699999999997,234.173213324,94,0,0.23806613187559703,-0.324484604945174,0.324484604945174,0.23806613187559703,1.470588235294117,2.117647058823529,2.6470588235294112,2.654541781468161,4.234941169700248,1041.2015710038688,31.696152422706632,30.30267548146378,8.30267548146378,16.785468820183674,15.019371729481785,4.072158133981826,2.561383154283389,2.561383154283389,1.493009185604959,1.493009185604959,0.8174964398237491,0.8174964398237491,-1.349999999999999,20709705.016803384,2.369515915973115,6.401220913530595,3.858200815473424,134.78956562445518,5.3098133532883764,0.0,1.4118420783282,5.9071797293515065,0.0,0.0,9.694446914922299,0.0,0.0,0.0,31.831040357581244,37.824406586617236,27.619523173407078,13.350652465167045,34.99230894197464,11.594566004035068,0.0,4.899909730850478,0.0,27.407568469182717,24.800392406236206,29.254159106383874,0,0.0,5.3098133532883764,5.687386274683562,0.0,0.0,30.297668513149816,4.794537184071822,13.703784234591359,53.616616897560014,18.127256122989884,1.4118420783282,0.0,0,32.34,97.95659571668835,4.794537184071822,0.0,0.0,0.0,0.0,0,0,0,0.0,30.197771757902817,169.51954524816378,0.0,12.1821518329554,-0.8500784202569911,-4.602137818090201,-2.572888321995464,-3.971132772617259,0.0,-28.288793081492628,0.0,0.5,17,1,3,0,0,0,1,0,1,2,1,3,9,0,0,0,1,2.58374,72.33370000000004,0,0,0,0,0,0,0,0,0,0,1,1,0,0,0,1,1,0,0,1,0,0,0,0,0,0,0,1,0,1,0,0,0,0,1,0,0,0,0,0,0,0,0,0,0,0,0,0,0,0,0,0,0,0,0,0,0,0,0,0,0,0,0,0,1,0,0,0,0,0,0,0,0,0,0,0,0,0,0,0,0,0,0,0,0
Paracetamol_rdkit,3.7521,-10.0855,-6.3333,7.9257,-1.1654,3.5523,0,331.5354,-13.4034,-5.2872,-8.2094,106.1757,0.07830000000000001,9.0911,0.11,3.3802,0.6284000000000001,1.4224,13.0775,3.2307,90.1972,-32.7834,4615.0857,108984.5857,207.0069,189.0167,-3.3802,0.26980000000000004,7.0301,0.3718,-5.6529,0.6218,1.7938,8.5541,0.7436,-6.7603,4.774,0.0064,1.7095,0.8387,-9.4729,0.6785,0.6782,4.8878,2,0,11.465040233686066,11.465040233686066,0.20687263794406602,-3.157137542517008,0.595026196778084,21.636363636363637,151.16500000000008,142.093,151.063328528,58,0,0.29309209663784,-0.5079643157925781,0.5079643157925781,0.29309209663784,1.818181818181818,2.545454545454545,3.090909090909091,2.349314518764969,3.51451471975312,526.8541334654581,15.825908934703556,14.263710176427683,5.263710176427684,9.034798488049647,6.960923771927643,2.605461885963821,1.594686906265383,1.594686906265383,0.8022141162622031,0.8022141162622031,0.45187968107923004,0.45187968107923004,-1.509999999999999,13543.798200680048,2.000818851404337,3.0531381005525,2.292303972882069,77.45636677601388,10.418621544395588,5.749511833283905,1.4118420783282,5.9071797293515065,1.431199657232634,0.0,4.794537184071822,0.0,0.0,0.0,0.0,24.16967483065318,16.6515540604899,5.483034224680881,20.910497346698772,11.594566004035068,1.431199657232634,0.0,0.0,6.851892117295679,5.3098133532883764,24.16967483065318,0,5.749511833283905,5.3098133532883764,5.687386274683562,5.749511833283905,0.0,12.447187577691352,4.794537184071822,0.0,16.447202010487217,24.16967483065318,1.4118420783282,0.0,0,49.33,48.36564478526783,4.794537184071822,0.0,5.3098133532883764,0.0,0.0,0,0,0,5.108808191107212,12.438351628752375,64.78879739858905,0.0,11.465040233686066,3.75225068499622,-0.8176620370370361,-2.350625472411185,-3.2639965986394532,0.0,-3.157137542517008,0.0,0.125,11,2,3,0,0,0,1,0,1,2,2,3,3,0,0,0,1,1.3505999999999991,42.41050000000002,0,0,0,0,0,0,0,1,0,0,1,1,0,0,0,0,1,0,0,0,0,0,0,0,0,0,0,1,0,1,0,0,0,0,1,0,0,0,0,0,0,0,0,0,0,0,0,0,0,0,0,0,0,0,0,0,0,0,0,0,0,0,0,0,0,1,1,0,0,0,0,0,0,0,0,0,0,0,0,0,0,0,0,0,0
Indomethacin_rdkit,2.4698,-10.1781,-7.7083,7.3867,0.714,3.0409,0,561.1257,-15.9255,-6.99,-8.943200000000001,240.0478,0.3166,6.6727,0.1499,4.0503,1.2296,1.0204,11.0149,6.4687,69.9721,-72.63,23513.0875,596965.9305,402.0634,402.1742,-4.0503,1.702,9.8027,0.607,-5.7186,0.8571000000000001,0.5156000000000001,8.6163,1.2141,-8.1007,4.6914,0.0158,1.2730000000000001,1.3951,-11.0451,1.4314,0.6782,4.2916,2,0,13.91394479087931,13.91394479087931,0.030210695389266004,-3.6735599201100193,0.7678065120522061,21.48,357.79299999999984,341.66500000000013,357.07678567200037,128,0,0.30740780163340503,-0.49674295951740305,0.49674295951740305,0.30740780163340503,1.3599999999999999,2.16,2.84,3.241085378274564,2.759266558719103,1595.821555134964,31.729168138596737,27.958171230364638,12.714100176383091,18.516684848388252,14.28867164637807,6.758387828923436,4.495402289451185,4.873366762460413,3.044355392071109,3.233337628575722,2.066929693018754,2.161420811271061,-2.789999999999999,255739689.1914201,6.179619705449648,6.607181634243952,3.104666499487256,171.51429200637315,9.84567114490726,5.749511833283905,0.0,0.0,7.3383793865841405,5.969305287951849,14.156174015934997,0.0,0.0,0.0,11.600939890232516,54.712274562635734,28.520029795602678,32.635163639530425,39.99612385560422,34.380349839616926,1.431199657232634,4.5670996477913555,0.0,13.224817018625059,7.037952458882589,64.14039524562685,0,5.749511833283905,4.736862953800049,0.0,5.749511833283905,11.600939890232516,28.59034531508451,11.167462085401201,6.851892117295679,42.176746504867594,42.29693095364306,5.022633313741326,12.33412458931369,0,68.53,112.93208650580281,9.589074368143644,0.0,4.5670996477913555,0.0,0.0,0,0,0,9.84567114490726,33.59351789001845,131.60671875278766,5.78027182219832,26.278593030863494,1.9307071110838812,-4.927687407267433,-4.9365656732670615,-7.577361336399337,-3.6735599201100193,-3.614896598814426,-3.338442003297286,0.157894736842105,25,1,5,0,0,0,2,1,3,5,1,6,6,0,0,0,3,3.927320000000003,95.74730000000005,1,0,0,0,0,1,0,0,1,1,2,1,0,0,0,1,0,0,0,0,0,0,0,0,0,0,0,0,0,0,0,0,0,0,2,0,1,0,0,0,0,1,0,0,1,0,0,0,0,0,0,0,0,0,0,1,0,0,0,0,0,0,0,0,0,0,0,0,0,0,0,0,0,0,0,0,0,0,0,0,0,0,0,0,0
Clotrimazole_rdkit,3.2398,-10.0298,-6.7901,7.6484,-0.0893,4.0816,0,523.8779,-7.3537,-0.871,-8.41,261.5896,0.1983,7.7377,0.1292,3.7795,0.9231,1.185,11.417,5.7907,96.1461,-66.1644,26541.1717,688229.0584,384.343,403.9806,-3.7795,0.88,8.439,0.48850000000000005,-5.7139,0.7385,1.0124,8.5714,0.9769000000000001,-7.559,4.8244,0.010400000000000001,1.5203,1.1494,-3.7902,-3.3707000000000003,0.6782,2.0885,2,0,8.821345899470899,8.821345899470899,0.401696900982615,-3.143981481481481,0.45454498474207106,20.92,344.84499999999974,327.70900000000006,344.10802622400047,122,0,0.12258561028717001,-0.31890279301670804,0.31890279301670804,0.12258561028717001,0.8,1.3599999999999999,1.92,3.203928828092689,2.622933132235983,1578.2861940916025,31.908812703358322,29.27239166400914,13.028320610027599,19.36350196472025,15.30701622525451,7.184980698263737,4.670212826379518,5.048177299388745,3.43026216894088,3.7137355236978,2.452587818714214,2.683827767955254,-2.839999999999999,796493502.7350144,5.582129125874503,6.577182238233219,2.55304316640207,175.79417247037622,4.5670996477913555,6.909683808553567,0.0,0.0,0.0,0.0,0.0,4.983978520947208,0.0,0.0,90.15238308985536,17.169321691057284,22.931875227067845,28.235508612689742,23.302895454893736,11.600939890232516,0.0,9.551078168738563,0.0,5.538925252383345,0.0,124.95601183171422,0,0.0,0.0,0.0,0.0,11.600939890232516,9.551078168738563,5.538925252383345,0.0,39.99324992998474,103.2430240428819,5.022633313741326,0.0,0,17.82,130.49493708409756,0.0,0.0,0.0,4.5670996477913555,0.0,0,0,0,4.983978520947208,34.90383534512626,144.0142924505193,6.531896136026426,3.585512566137565,-0.8762471655328791,-6.001990425799949,0.0,-13.901859725371633,-2.990492724867725,0.0,0.0,0.045454545454545005,25,0,2,0,0,0,3,1,4,2,0,3,4,0,0,0,4,5.376700000000004,101.84300000000002,0,0,0,0,0,2,0,0,0,0,0,0,0,0,0,2,0,0,0,0,0,0,0,0,0,0,0,0,0,0,0,0,0,0,3,0,0,0,0,0,0,0,0,0,1,0,0,1,0,0,0,0,0,0,0,0,0,0,0,0,0,0,0,0,0,0,0,0,0,0,0,0,0,0,0,0,0,0,0,0,0,0,0,0,0
Salicin_rdkit,4.3152,-10.8805,-6.5652,8.1292,-1.2634,4.5584,0,466.7843,-19.8108,-13.0166,-8.7228,177.34,0.0575,9.3926,0.10640000000000001,3.4329,0.6275000000000001,1.4054,12.0014,2.6744,103.8239,-65.4777,14034.1763,316503.9072,332.9273,332.9214,-3.4329,0.251,7.1168,0.3655,-5.781,0.6155,1.8909,8.7566,0.731,-6.8658,3.9050000000000002,0.0047,2.0587,0.9172,-9.768,2.2956,0.6782,3.4708,2,0,8.556324640967498,8.556324640967498,1.109596922638047,-4.236764928193502,0.44999340434058005,66.4,286.27999999999963,268.13599999999997,286.1052529160005,112,0,0.22873842796797703,-0.461604636258486,0.461604636258486,0.22873842796797703,1.25,2.1,2.85,2.87010787002789,3.066437235381182,1073.814682362177,29.91384908344359,27.357738033247042,9.357738033247042,17.120285532496105,13.3783587594067,4.837117307087384,3.216326495188786,3.216326495188786,2.041454059492991,2.041454059492991,1.1608258812338201,1.1608258812338201,-1.22,47779848.106041655,4.159443161083322,6.487108874054654,2.927399855562322,140.9012462803946,35.01776686313616,31.440342497254075,0.0,13.422076654700067,0.0,0.0,0.0,0.0,0.0,0.0,18.127256122989884,6.042418707663295,5.563451491696996,29.567073159875214,52.83762809334906,0.0,7.155998286163171,0.0,0.0,37.14513571925313,6.558985242916289,29.733126322350174,0,5.749511833283905,4.736862953800049,0.0,5.749511833283905,0.0,69.84517496095239,11.295848196716339,0.0,23.383312721909853,24.16967483065318,0.0,0.0,0,119.61000000000001,79.1867591178035,0.0,0.0,0.0,0.0,0.0,0,0,0,25.54404095553606,34.44958542397613,150.03833165614347,0.0,0.0,19.445188195233964,-1.36276654488956,-1.5108971088435381,-4.888935809427331,-20.989784173700357,-7.481136214516674,0.0,0.538461538461538,20,5,7,0,1,1,1,0,1,7,5,7,9,0,1,1,2,-1.6424,66.76000000000003,0,5,0,0,0,0,0,0,0,0,0,0,0,0,0,0,0,0,0,0,0,0,0,0,0,0,0,0,0,0,0,0,0,0,1,0,0,0,0,0,0,2,0,0,0,0,0,0,0,0,0,0,0,0,0,0,0,0,0,0,0,0,0,0,1,0,0,0,0,0,0,0,0,0,0,0,0,0,0,0,0,0,0,0,0
