substrate_id,HOMO-LUMO gap,HOMO,LUMO,IP,EA,Dipole module,Total charge,Global SASA,G solv. in H2O,G of H-bonds H2O,Fermi-level,Total polariz. alpha,Total FOD,Hardness,Softness,Electronegativity,Electrophil. idx,Nucleophilicity idx,Second IP,Second EA,S0-T1 gap,Total energy,Total disp. C6,Total disp. C8,Dispersion area,Dispersion volume,Chem. potential,Electrodon. power idx,Electroaccep. power idx,max. electron flow,Electrodon. Chem. potential,Electrodon. max. electron flow,Electrofugality,Nucleofugality,Intrinsic React. idx,Net Electrophilicity,Hyperhardness,Hypersoftness,Electrophilic descrip.,cub. electrophilicity idx,G solv. elec.,G solv. SASA,G solv. shift,Trans. dipole moment,HOMO occup.,LUMO occup.,MaxAbsEStateIndex,MaxEStateIndex,MinAbsEStateIndex,MinEStateIndex,qed,SPS,MolWt,HeavyAtomMolWt,ExactMolWt,NumValenceElectrons,NumRadicalElectrons,MaxPartialCharge,MinPartialCharge,MaxAbsPartialCharge,MinAbsPartialCharge,FpDensityMorgan1,FpDensityMorgan2,FpDensityMorgan3,AvgIpc,BalabanJ,BertzCT,Chi0,Chi0n,Chi0v,Chi1,Chi1n,Chi1v,Chi2n,Chi2v,Chi3n,Chi3v,Chi4n,Chi4v,HallKierAlpha,Ipc,Kappa1,Kappa2,Kappa3,LabuteASA,PEOE_VSA1,PEOE_VSA10,PEOE_VSA11,PEOE_VSA12,PEOE_VSA13,PEOE_VSA14,PEOE_VSA2,PEOE_VSA3,PEOE_VSA4,PEOE_VSA5,PEOE_VSA6,PEOE_VSA7,PEOE_VSA8,PEOE_VSA9,SMR_VSA1,SMR_VSA10,SMR_VSA2,SMR_VSA3,SMR_VSA4,SMR_VSA5,SMR_VSA6,SMR_VSA7,SMR_VSA8,SMR_VSA9,SlogP_VSA1,SlogP_VSA10,SlogP_VSA11,SlogP_VSA12,SlogP_VSA2,SlogP_VSA3,SlogP_VSA4,SlogP_VSA5,SlogP_VSA6,SlogP_VSA7,SlogP_VSA8,SlogP_VSA9,TPSA,EState_VSA1,EState_VSA10,EState_VSA11,EState_VSA2,EState_VSA3,EState_VSA4,EState_VSA5,EState_VSA6,EState_VSA7,EState_VSA8,EState_VSA9,VSA_EState1,VSA_EState10,VSA_EState2,VSA_EState3,VSA_EState4,VSA_EState5,VSA_EState6,VSA_EState7,VSA_EState8,VSA_EState9,FractionCSP3,HeavyAtomCount,NHOHCount,NOCount,NumAliphaticCarbocycles,NumAliphaticHeterocycles,NumAliphaticRings,NumAromaticCarbocycles,NumAromaticHeterocycles,NumAromaticRings,NumHAcceptors,NumHDonors,NumHeteroatoms,NumRotatableBonds,NumSaturatedCarbocycles,NumSaturatedHeterocycles,NumSaturatedRings,RingCount,MolLogP,MolMR,fr_Al_COO,fr_Al_OH,fr_Al_OH_noTert,fr_ArN,fr_Ar_COO,fr_Ar_N,fr_Ar_NH,fr_Ar_OH,fr_COO,fr_COO2,fr_C_O,fr_C_O_noCOO,fr_C_S,fr_HOCCN,fr_Imine,fr_NH0,fr_NH1,fr_NH2,fr_N_O,fr_Ndealkylation1,fr_Ndealkylation2,fr_Nhpyrrole,fr_SH,fr_aldehyde,fr_alkyl_carbamate,fr_alkyl_halide,fr_allylic_oxid,fr_amide,fr_amidine,fr_aniline,fr_aryl_methyl,fr_azide,fr_azo,fr_barbitur,fr_benzene,fr_benzodiazepine,fr_bicyclic,fr_diazo,fr_dihydropyridine,fr_epoxide,fr_ester,fr_ether,fr_furan,fr_guanido,fr_halogen,fr_hdrzine,fr_hdrzone,fr_imidazole,fr_imide,fr_isocyan,fr_isothiocyan,fr_ketone,fr_ketone_Topliss,fr_lactam,fr_lactone,fr_methoxy,fr_morpholine,fr_nitrile,fr_nitro,fr_nitro_arom,fr_nitro_arom_nonortho,fr_nitroso,fr_oxazole,fr_oxime,fr_para_hydroxylation,fr_phenol,fr_phenol_noOrthoHbond,fr_phos_acid,fr_phos_ester,fr_piperdine,fr_piperzine,fr_priamide,fr_prisulfonamd,fr_pyridine,fr_quatN,fr_sulfide,fr_sulfonamd,fr_sulfone,fr_term_acetylene,fr_tetrazole,fr_thiazole,fr_thiocyan,fr_thiophene,fr_unbrch_alkane,fr_urea,Partial charge_indxcarbon,Electrophil._indxcarbon,Nucleophil._indxcarbon,Radical attack_indxcarbon,SASA_indxcarbon,Buried volume_indxcarbon,H bond with H2O_indxcarbon,s proportion_indxcarbon,p proportion_indxcarbon,d proportion_indxcarbon,Coord. numbers_indxcarbon,Polariz. alpha_indxcarbon,FOD_indxcarbon,Dispersion_indxcarbon,Pyramidalization_indxcarbon,Pyramidaliz. volume_indxcarbon,fukui+_indxcarbon,fukui-_indxcarbon,fukui0_indxcarbon,dual descrip._indxcarbon,softness+_indxcarbon,softness-_indxcarbon,softness0_indxcarbon,Rel. nucleophilicity_indxcarbon,Rel. electrophilicity_indxcarbon,GC Dual Descrip._indxcarbon,Mult. descrip._indxcarbon,Nu_Electrophil._indxcarbon,Nu_Nucleophil._indxcarbon,Nu_Radical attack_indxcarbon,Disp. coeff. C6_indxcarbon,Born radii_indxcarbon,Cone angle_indxcarbon,Solid angle_indxcarbon,FOD s proportion_indxcarbon,FOD p proportion_indxcarbon,FOD d proportion_indxcarbon,Partial charge_min,Electrophil._min,Nucleophil._min,Radical attack_min,SASA_min,Buried volume_min,H bond with H2O_min,s proportion_min,p proportion_min,d proportion_min,Coord. numbers_min,Polariz. alpha_min,FOD_min,Dispersion_min,Pyramidalization_min,Pyramidaliz. volume_min,fukui+_min,fukui-_min,fukui0_min,dual descrip._min,softness+_min,softness-_min,softness0_min,Rel. nucleophilicity_min,Rel. electrophilicity_min,GC Dual Descrip._min,Mult. descrip._min,Nu_Electrophil._min,Nu_Nucleophil._min,Nu_Radical attack_min,Disp. coeff. C6_min,Born radii_min,Cone angle_min,Solid angle_min,FOD s proportion_min,FOD p proportion_min,FOD d proportion_min,Partial charge_max,Electrophil._max,Nucleophil._max,Radical attack_max,SASA_max,Buried volume_max,H bond with H2O_max,s proportion_max,p proportion_max,d proportion_max,Coord. numbers_max,Polariz. alpha_max,FOD_max,Dispersion_max,Pyramidalization_max,Pyramidaliz. volume_max,fukui+_max,fukui-_max,fukui0_max,dual descrip._max,softness+_max,softness-_max,softness0_max,Rel. nucleophilicity_max,Rel. electrophilicity_max,GC Dual Descrip._max,Mult. descrip._max,Nu_Electrophil._max,Nu_Nucleophil._max,Nu_Radical attack_max,Disp. coeff. C6_max,Born radii_max,Cone angle_max,Solid angle_max,FOD s proportion_max,FOD p proportion_max,FOD d proportion_max
Bifonazole,3.1156,-10.0002,-6.8846,7.4352,0.0399,4.4366,0,555.6136,-6.5037,-0.6438,-8.4424,249.3779,0.1893,7.3953,0.1352,3.7375,0.9445,1.1849,11.0482,6.0039,85.5496,-62.1207,23987.3119,595535.5035,396.9772,394.0483,-3.7375,0.9648,8.4398,0.5054000000000001,-5.5864,0.7554000000000001,0.9046,8.3797,1.0108,-7.4751,4.7885,0.0118,1.4563,1.16,-2.801,-3.7372,0.6782,5.3475,2,0,9.481257663559251,9.481257663559251,0.317209739982106,-3.1884702800873432,0.50713554442956,23.83333333333333,310.39999999999964,292.256,310.1469985760005,116,0,0.104332750962216,-0.32585382812485,0.32585382812485,0.104332750962216,0.75,1.333333333333333,1.958333333333333,3.196443645859182,2.281262937142034,1742.7016405692411,31.90881270335832,29.89442719099992,11.894427190999917,19.330809894269144,15.618033988749897,6.618033988749896,4.369427190999915,4.369427190999915,2.939918693812441,2.939918693812441,1.928811896062462,1.928811896062462,-3.129999999999999,765030429.3126451,4.700155880145586,6.548506444939078,2.863937426311997,166.89587674366234,4.567099647791356,1.37075855617022,0.0,0.0,0.0,0.0,0.0,4.983978520947208,0.0,0.0,84.59386190728614,22.253805966787983,12.345790421629522,35.624159637209615,24.67365401106396,0.0,0.0,9.551078168738565,0.0,6.017892468349645,0.0,114.3699270262759,0,11.126902983393991,0.0,0.0,0.0,0.0,9.551078168738565,0.0,0.0,41.818449462807614,103.24302404288188,0.0,11.126902983393991,0,17.82,131.5147224780195,1.37075855617022,0.0,0.0,4.567099647791356,0.0,0,0,0,4.983978520947208,23.302895454893736,150.32914371526346,0.0,3.479980286455546,0.0,-3.393195226156985,0.0,-16.320311859499242,-2.845616916062788,0.0,0.0,0.045454545454545,24,0,2,0,0,0,3,1,4,2,0,2,4,0,0,0,4,5.187800000000004,97.78800000000004,0,0,0,0,0,2,0,0,0,0,0,0,0,0,0,2,0,0,0,0,0,0,0,0,0,0,0,0,0,0,0,0,0,0,3,0,0,0,0,0,0,0,0,0,0,0,0,1,0,0,0,0,0,0,0,0,0,0,0,0,0,0,0,0,0,0,0,0,0,0,0,0,0,0,0,0,0,0,0,0,0,0,0,0,0,-0.03,0.035300000000000005,0.0413,0.033100000000000004,16.5289,0.424,-0.001,1.0351,3.0561,0.0,2.92,8.7933,0.009300000000000001,21.6058,0.0014,0.009000000000000001,0.0374,0.0328,0.035,0.0046,0.005,0.0045000000000000005,0.0047,0.8834000000000001,1.1325,0.0001,0.0044,0.0443,0.0388,0.0415,28.7512,2.472,0.0,0.0,0.0,0.0091,0.0,-0.2707,-0.0039000000000000003,0.0413,-0.0046,0.0,0.30870000000000003,-0.043000000000000003,0.9746,0.0,0.0,0.923,2.3856,0.0001,12.7779,0.0002,0.0017000000000000001,-0.0041,-0.006900000000000001,-0.0049,-0.0898,-0.0005,-0.0009000000000000001,-0.0007,-7.4328,-0.9313,-0.0011,-0.0848,-0.0049,-0.0082,-0.0058000000000000005,2.3273,1.8672,0.0,0.0,0.0,0.0,0.0,0.0815,0.048,0.0413,0.0669,28.6406,0.7196,0.0,1.5563,3.8532,0.0,3.8009,8.8109,0.0281,39.1552,1.9999,15.4952,0.050800000000000005,0.1158,0.0708,0.0189,0.006900000000000001,0.015700000000000002,0.009600000000000001,13.2613,4.4204,0.00030000000000000003,0.0178,0.060200000000000004,0.13720000000000002,0.0839,28.8672,2.9049,0.0,0.0,0.006,0.022,0.0
Boscalid,2.6661,-10.521,-7.855,7.5888,0.8321000000000001,1.3293,0,518.1485,-10.109,-1.5093,-9.188,235.3184,0.3284,6.7567,0.148,4.2105,1.3119,0.9707,11.2506,6.6886,70.6517,-63.687,21716.9338,593210.1202,368.4853,370.2905,-4.2105,1.8816,10.3025,0.6232,-5.8997,0.8732000000000001,0.4798,8.9007,1.2463,-8.4209,4.7591,0.0154,1.305,1.4765,-7.0889,-2.1891,0.6782,1.827,2,0,13.15925222558159,13.15925222558159,0.057634637188208,-1.44768588505361,0.655191526719444,17.652173913043477,343.21299999999974,331.117,342.0326683640004,114,0,0.258307215760554,-0.321316428649828,0.321316428649828,0.258307215760554,1.043478260869565,1.782608695652173,2.565217391304347,2.810285012497413,2.4422083800086423,1403.30001672705,26.67676189578944,23.058604427482237,12.570462319519145,16.143417285438783,11.923729404741032,6.73244475525953,3.968961737888192,4.704939298347736,2.5431676610032,3.005647559485279,1.567010102950507,1.831838043292342,-2.359999999999999,25203535.2832808,6.634938369717691,6.816482904227554,3.524659784567599,160.3658009986353,5.309813353288376,5.153109816892792,1.4118420783282,0.0,5.9071797293515065,0.0,4.794537184071822,4.983978520947208,0.0,0.0,53.41397331878151,35.77554503001347,22.446366290936645,20.641795609569414,21.28472338027244,34.7964457845001,0.0,4.983978520947208,0.0,0.0,5.309813353288376,82.33627690977882,0,11.126902983393991,5.309813353288376,5.687386274683562,0.0,23.20187978046503,10.891158250298714,0.0,0.0,25.436332793641235,66.5970822874477,11.587585208962318,11.126902983393991,0,41.99,105.05774589720788,4.794537184071822,0.0,5.309813353288376,0.0,0.0,0,0,0,4.983978520947208,39.69206597666567,96.47643320525128,11.713875204194627,16.622268142845343,-1.297000965448282,-3.000877949945409,-1.44768588505361,-8.136649407101546,-0.7081401225201861,0.0,0.0,0.0,23,1,3,0,0,0,2,1,3,2,1,5,3,0,0,0,3,5.307700000000002,94.0882,0,0,0,0,0,1,0,0,0,0,1,1,0,0,0,1,1,0,0,0,0,0,0,0,0,0,0,1,0,1,0,0,0,0,2,0,0,0,0,0,0,0,0,0,2,0,0,0,0,0,0,0,0,0,0,0,0,0,0,0,0,0,0,0,1,0,0,0,0,0,0,0,0,1,0,0,0,0,0,0,0,0,0,0,0,-0.036000000000000004,0.0275,0.0551,0.0341,16.4907,0.42760000000000004,-0.001,1.042,3.03,0.0,2.917,8.813,0.0135,22.9311,0.0045000000000000005,0.03,0.021,0.03,0.026000000000000002,-0.009000000000000001,0.0031000000000000003,0.0044,0.0038,1.4194,0.7045,-0.0001,-0.0118,0.0204,0.0291,0.0252,28.883,2.49,0.0,0.0,0.0,0.013000000000000001,0.0,-0.41590000000000005,0.0066,0.0551,0.0079,0.0,0.2629,-0.041,0.791,0.0,-0.006,0.858,1.6503,0.0001,13.4725,0.00030000000000000003,0.002,0.005,-0.0,0.006,-0.0859,0.0007,-0.0,0.0009000000000000001,-0.0004,-0.034300000000000004,-0.0013000000000000002,-0.11270000000000001,0.0049,-0.0,0.0058000000000000005,1.1104,1.881,0.0,0.0,0.0,0.0,0.0,0.277,0.1076,0.0551,0.1338,68.116,0.7534000000000001,0.0,1.9460000000000002,5.257,0.0,2.9831000000000003,15.656,0.0342,37.9428,1.9999,15.935,0.082,0.145,0.10200000000000001,0.035,0.012100000000000001,0.021500000000000002,0.0151,2.4693,6.7844,0.0005,0.0459,0.0796,0.1408,0.099,104.727,2.9,250.1578,201.7034,0.004,0.03,0.001
Caffeine,3.4242,-10.5814,-7.1572,8.3483,-0.459,4.063,0,357.4395,-12.8167,-2.5542,-8.8693,124.4981,0.1041,8.8073,0.1135,3.9447,0.8834000000000001,1.1656,13.161,3.7494,84.2295,-42.1539,6699.9253,153302.1722,236.2906,222.6812,-3.9447,0.6898000000000001,8.5791,0.4479,-6.1465,0.6979000000000001,1.3424,9.2317,0.8958,-7.8893,4.5105,0.0066,1.6104,1.1112,-10.438,-0.5026,0.6782,4.431,2,0,12.367749905517762,12.367749905517762,0.086921296296296,-3.359733560090705,0.5384628262372211,24.285714285714285,194.19400000000007,184.114,194.08037556,74,0,0.331703432635988,-0.327863466099482,0.331703432635988,0.327863466099482,1.357142857142857,2.1428571428571432,2.785714285714285,2.61181246999358,3.2624550198164632,924.4226056352684,18.82590893470356,16.60535096292756,6.60535096292756,10.581239458947708,8.367923065713633,3.367923065713632,2.477974334493392,2.477974334493392,1.691356254769267,1.691356254769267,1.030864976378909,1.030864976378909,-1.8499999999999992,73428.49578139953,2.818538827908887,2.567947901122792,0.875774162713943,93.07866201982742,4.567099647791356,1.37075855617022,11.16387793838399,0.0,5.559266895052008,5.689743398203474,13.928736479654532,9.77851570501903,0.0,0.0,0.0,0.0,33.26430770637872,6.303371713966227,13.7075855617022,11.16387793838399,0.0,18.68527746432127,20.927480700846736,0.0,0.0,27.14145637536535,0,0.0,11.24901029325548,0.0,0.0,0.0,18.68527746432127,20.927480700846736,0.0,13.7075855617022,15.89244608210987,0.0,11.16387793838399,0,61.82,49.64374064645243,9.589074368143644,0.0,13.701298943374065,0.0,0.0,0,0,0,4.983978520947208,13.7075855617022,73.02208286092214,0.0,27.956288265306124,0.0,-5.153896447467876,0.0,0.0,-1.011303854875283,-9.72983749055178,0.0,0.375,14,0,6,0,0,0,0,2,2,6,0,6,3,0,0,0,2,-1.0293,51.19600000000002,0,0,0,0,0,4,0,0,0,0,0,0,0,0,0,4,0,0,0,0,0,0,0,0,0,0,0,0,0,0,2,0,0,0,0,0,1,0,0,0,0,0,0,0,0,0,0,1,0,0,0,0,0,0,0,0,0,0,0,0,0,0,0,0,0,0,0,0,0,0,0,0,0,0,0,0,0,0,0,0,0,0,0,0,0,0.088,0.0477,0.061,0.0345,20.860500000000002,0.5725,-0.001,0.9410000000000001,2.9210000000000003,0.0,3.204,8.224,0.013300000000000001,20.7835,0.0,0.0,0.054,0.025,0.039,0.029,0.0061,0.0028,0.0044,0.459,2.1786,0.0002,0.0256,0.0629,0.0291,0.0455,25.488,2.523,0.0,0.0,0.0,0.013000000000000001,0.0,-0.441,-0.0274,0.061,-0.0256,1.35,0.3094,-0.037,0.9380000000000001,0.0,0.0,0.858,2.123,0.0,13.0161,0.0,0.0,-0.031,-0.03,-0.029,-0.045,-0.0035,-0.0034000000000000002,-0.0033,0.1282,0.4464,-0.00030000000000000003,-0.0398,-0.0361,-0.035,-0.033800000000000004,1.8439999999999999,1.831,0.0,0.0,0.0,0.0,0.0,0.314,0.129,0.061,0.1131,30.9088,0.6711,0.0,1.726,4.948,0.0,3.709,8.792,0.015600000000000001,28.0617,2.0,15.3056,0.146,0.11,0.128,0.06,0.0166,0.0125,0.0145,2.24,7.8,0.0004,0.053,0.17020000000000002,0.1282,0.1492,28.819,2.852,0.0,0.0,0.002,0.016,0.0
Camptothecin,2.2057,-10.5377,-8.332,7.7181,1.3911,6.7175,0,542.29,-15.3716,-4.7704,-9.4349,236.2048,0.5068,6.327,0.158,4.5546,1.6393,0.8401000000000001,11.3646,7.0882,54.3651,-73.1675,23096.9264,563273.3772,383.1031,388.9701,-4.5546,2.7937000000000003,11.9029,0.7199,-6.1363,0.9699,0.2482,9.3574,1.4398,-9.1092,4.6718,0.0185,1.2443,1.7561,-11.9968,0.7174,0.6782,5.7764,2,0,13.896591500797845,13.896591500797845,0.148618669690097,-3.956159602015484,0.5327639891125651,34.23076923076923,348.3579999999998,332.2300000000001,348.11100699200045,130,0,0.342676338223108,-0.458197728125799,0.458197728125799,0.342676338223108,1.5,2.384615384615384,3.230769230769231,3.100058119909163,2.068803300378997,1832.4217087068143,31.85892465059366,28.52742035285537,12.52742035285537,19.03446959358909,15.046903005373416,7.138654714909554,5.457757793678461,5.457757793678461,4.021331351421177,4.021331351421177,2.768600408439269,2.768600408439269,-2.9899999999999998,616482772.022894,6.025843089972049,5.016137241019722,1.818757008994824,170.79444112770835,14.412770792698616,6.558985242916289,5.601050810983688,1.431199657232634,5.559266895052007,5.969305287951849,4.794537184071822,9.77851570501903,0.0,0.0,24.979148240285564,24.500181024319264,23.366919978709884,42.67245344502835,35.20158667153238,16.872230220032908,1.431199657232634,9.551078168738565,0.0,31.881712756840983,0.0,63.298670800194586,0,11.387855989696922,5.559266895052007,0.0,0.0,0.0,22.06039130503026,28.188295876087796,0.0,50.476549836269385,41.04904943005159,0.0,22.29078092177798,0,81.42,118.6459325826936,9.589074368143644,0.0,4.567099647791356,0.0,0.0,0,0,0,14.829649665854468,21.992577999785933,135.4992797435711,0.0,31.09294314710009,3.805194208499132,-11.3428094950484,-2.113914498433799,-5.239269473292428,-3.956159602015484,-10.495264030380204,0.0,0.25,26,1,6,0,2,2,1,2,3,6,1,6,3,0,0,0,5,2.0796,94.5248,0,1,0,0,0,2,0,0,0,0,1,1,0,0,0,2,0,0,0,0,0,0,0,0,0,0,0,0,0,0,0,0,0,0,1,0,5,0,0,0,1,1,0,0,0,0,0,0,0,0,0,0,0,0,1,0,0,0,0,0,0,0,0,0,1,0,0,0,0,0,0,0,0,2,0,0,0,0,0,0,0,0,0,0,0,-0.051800000000000006,0.0322,0.0492,0.035500000000000004,7.519,0.37460000000000004,-0.0004,1.037,3.053,0.0,2.912,8.8738,0.030100000000000002,29.0116,1.9065,11.3814,0.0196,0.024,0.0216,-0.0043,0.0031000000000000003,0.0038,0.0034000000000000002,1.2129,0.8254,-0.0001,-0.0071,0.0165,0.020200000000000003,0.0182,29.2873,2.6745,0.0,0.0,0.0,0.03,0.0,-0.4617,-0.019700000000000002,0.0492,-0.019700000000000002,0.0,0.3251,-0.039,0.6491,0.0,0.0,0.804,1.2893,0.0002,13.7696,0.0001,0.001,-0.012,-0.012,-0.012,-0.033800000000000004,-0.0019,-0.0019,-0.0019,-1.0107,-1.335,-0.0006000000000000001,-0.0555,-0.010100000000000001,-0.010100000000000001,-0.010100000000000001,0.6739,1.7772999999999999,0.0,0.0,0.0,0.0,0.0,0.3416,0.1295,0.0492,0.1312,38.6616,0.7474000000000001,0.0,1.728,4.895,0.0,3.8036000000000003,8.9071,0.0951,34.6361,1.9999,15.427,0.079,0.0908,0.08,0.0247,0.0125,0.014400000000000001,0.0126,6.1024,6.9939,0.0005,0.0405,0.0664,0.0763,0.06720000000000001,29.485,2.9359,0.0,0.0,0.011,0.0844,0.0
Cimetadine,3.4292,-9.685,-6.2558,7.2099,-0.9182,11.3583,0,448.5068,-21.7376,-3.1418,-7.9704,176.4434,0.1375,8.128,0.123,3.1458,0.6089,1.5158,11.4079,4.6167,95.717,-50.3649,13066.7535,325152.8033,315.4508,313.1847,-3.1458,0.306,6.5977,0.3871,-5.1778,0.6371,1.5271,7.8188,0.7743,-6.2917,4.8665,0.0091,1.5746,0.8218000000000001,-14.8734,-4.4006,0.6782,2.425,2,0,8.716968519160595,8.716968519160595,0.007647874245096,-3.667935681216931,0.308908723341352,28.764705882352946,252.34700000000012,236.219,252.115715512,92,0,0.208667779816999,-0.358562072655282,0.358562072655282,0.208667779816999,2.058823529411764,3.0,3.764705882352941,2.9234419554342552,3.494835644950564,941.286548135155,26.36987900907357,24.091529863463613,8.908026444391338,14.519726715569108,11.709563852213508,4.684419646641358,2.174220206597792,2.786592642293587,1.19819209790394,1.686952501586892,0.591278479596374,0.972589320814142,-1.6800000000000002,2916107.0395680717,3.202589640329544,7.570081043458362,4.7817848631942805,127.57924078154416,15.596629976806003,1.37075855617022,4.235526234984602,12.152710664522676,0.0,0.0,0.0,4.983978520947208,17.0237765041296,4.992404732635669,0.0,6.851892117295679,47.02563102378964,11.997299708814689,22.05538746519746,17.72143951813495,5.261891554738487,20.58060849775321,4.992404732635669,12.556849002445835,19.177643469748347,17.69122770366315,0,6.19315609577884,10.619626706576751,0.0,0.0,11.761884949391115,35.09817982966865,5.704956885150159,18.30693976781301,29.207717219909775,11.295776446601897,4.235526234984602,0.0,0,88.88999999999999,77.76678640056905,0.0,0.0,4.977003270229252,0.0,6.19315609577884,0,0,0,9.976383253582878,27.317279019935945,122.18786327469356,-0.521210789871503,6.225377794470508,7.688838702757192,-8.80561569449737,-1.444817281851011,0.0,0.071472426608384,-10.15190843230977,0.0,0.5,17,3,6,0,0,0,0,1,1,4,3,7,7,0,0,0,1,0.597399999999999,69.59710000000001,0,0,0,0,0,2,1,0,0,0,0,0,0,0,1,3,3,0,0,0,0,1,0,0,0,0,0,0,0,0,0,0,0,0,0,0,0,0,0,0,0,0,0,1,0,0,0,1,0,0,0,0,0,0,0,0,0,1,0,0,0,0,0,0,0,0,0,0,0,0,0,0,0,0,0,1,0,0,0,0,0,0,0,0,0,0.0879,0.0151,0.0179,0.0111,20.7642,0.4635,-0.001,0.9408000000000001,2.9004000000000003,0.0,3.1205,8.330400000000001,0.0137,22.7109,0.016,0.10890000000000001,0.0247,0.0109,0.0182,0.013800000000000002,0.0031000000000000003,0.0014,0.0023,0.6757000000000001,2.2687,0.0002,0.0085,0.0374,0.0165,0.0275,25.8724,2.4797000000000002,0.0,0.0,0.0,0.0137,0.0,-0.37770000000000004,-0.013300000000000001,0.0179,-0.0158,1.9616,0.28140000000000004,-0.0386,0.7851,0.0,0.0,0.86,1.6949,0.0,14.2475,0.0021000000000000003,0.013800000000000002,-0.0218,-0.0327,-0.025900000000000003,-0.0703,-0.0027,-0.0041,-0.0032,-0.0038,-19.928,-0.0007,-0.0429,-0.033,-0.049600000000000005,-0.0393,1.1709,1.8216999999999999,0.0,0.0,0.0,0.0,0.0,0.22940000000000002,0.1187,0.0179,0.14020000000000002,51.9661,0.6910000000000001,0.0,1.9335,4.2436,0.0094,3.7954,20.6384,0.027,29.2588,1.9992,15.3511,0.19490000000000002,0.2652,0.2303,0.0357,0.024,0.032600000000000004,0.028300000000000002,4.2412,14.0477,0.00030000000000000003,0.0219,0.29550000000000004,0.40190000000000003,0.3491,150.3635,2.7255000000000003,249.548,201.6726,0.0028,0.0216,0.005
Ciprofloxacin,2.3672,-9.774,-7.4067,7.0724,0.2484,8.9438,0,520.7436,-27.3439,-7.5879,-8.5904,215.8849,0.3554,6.824,0.1466,3.6604,0.9817,1.1849,11.0364,5.3975,65.9942,-71.3081,20027.4868,469161.8269,374.2357,377.9757,-3.6604,1.1195,8.4403,0.5364,-5.3664,0.7864,0.7333000000000001,8.0541,1.0728,-7.3208,4.5566,0.0143,1.2026,1.1478,-21.7338,1.2997,0.6782,3.2969,2,0,15.976568405139831,15.976568405139831,0.10271164021164,-3.9524481267356473,0.893229876350721,43.625,331.3469999999997,313.20300000000003,331.13321965600045,126,0,0.34072307867938,-0.477497022833901,0.477497022833901,0.34072307867938,1.5,2.25,2.916666666666666,3.178748970408878,2.320267595594568,1582.327642768043,32.71266028065169,29.44435013090069,11.444350130900691,18.683515962285192,15.195670940164062,6.34020905420024,4.568025040051622,4.568025040051622,3.141146405139941,3.141146405139941,2.050725022656962,2.050725022656962,-2.41,377724255.5057874,5.046032640242357,5.592172599010578,2.447861681064606,162.47726682929573,19.88563092303742,12.79251441107109,0.0,5.428790391900541,1.431199657232634,5.969305287951849,4.794537184071822,9.184952231746642,0.0,0.0,0.0,24.83068721798535,54.53051908025476,22.17015544166158,37.637739399905584,22.55961649471647,1.431199657232634,9.87691300107973,0.0,18.763742271008404,30.88734846811425,39.8617325348566,0,0.0,15.638513476039396,10.077801322358384,0.0,0.0,41.632651864114194,0.0,5.817220841045895,51.05386784550078,23.05226981021317,1.4118420783282,12.33412458931369,0,74.57,112.5877159379123,9.589074368143644,4.39041504767482,4.567099647791356,0.0,0.0,0,0,0,5.108808191107212,24.77517863428435,161.302671810487,0.0,24.921012380673037,1.583146078137718,-6.416112473034822,-4.097440866179142,-6.725535714285714,-8.111813429292237,-15.539261119839226,0.0,0.411764705882352,24,2,6,1,1,2,1,1,2,6,2,7,3,1,1,2,4,1.5833,88.47900000000004,0,0,0,0,1,1,0,0,1,1,1,0,0,0,0,2,1,0,0,0,0,0,0,0,0,0,0,0,0,1,0,0,0,0,1,0,1,0,0,0,0,0,0,0,1,0,0,0,0,0,0,0,0,0,0,0,0,0,0,0,0,0,0,0,0,0,0,0,0,0,1,0,0,1,0,0,0,0,0,0,0,0,0,0,0,-0.0917,0.032600000000000004,0.0122,0.0239,4.5032,0.7045,0.0,1.0327,3.1589,0.0,2.9294000000000002,9.0274,0.021500000000000002,31.2338,0.0085,0.056100000000000004,0.0332,0.0164,0.024300000000000002,0.016800000000000002,0.0049,0.0024000000000000002,0.0036000000000000003,0.4985,2.0126,0.0002,0.0164,0.0393,0.0194,0.028800000000000003,30.3009,2.7753,0.0,0.0,0.0,0.021,0.0,-0.45320000000000005,-0.017400000000000002,0.0122,-0.014700000000000001,0.39540000000000003,0.3053,-0.044,0.6624,0.0,0.0,0.787,1.262,0.0,11.9099,0.0035,0.0234,-0.0177,-0.014400000000000001,-0.015,-0.076,-0.0026000000000000003,-0.0021000000000000003,-0.0022,0.1037,-0.5412,-0.0011,-0.0746,-0.021,-0.0171,-0.0178,0.6454000000000001,1.71,0.0,0.0,0.0,0.0,0.0,0.35960000000000003,0.0897,0.0122,0.0956,40.719,0.7045,0.0,1.8351000000000002,5.4639,0.0,3.811,9.0274,0.0519,33.306,1.9987,15.8156,0.09140000000000001,0.1027,0.0974,0.052500000000000005,0.0134,0.0151,0.0143,9.267,10.305,0.0008,0.051500000000000004,0.10830000000000001,0.1217,0.1154,30.3009,2.9691,0.0,0.0,0.003,0.052000000000000005,0.0
Cladribine,3.2473,-10.5087,-7.2614,7.904,-0.2111,3.9807,0,434.8623,-22.0646,-8.588,-8.8851,169.3639,0.1569,8.1151,0.1232,3.8464,0.9117,1.1756,12.0023,4.2056,80.9974,-58.9674,12613.7916,308151.3187,300.3556,297.9165,-3.8464,0.8146,8.5074,0.474,-5.8752,0.724,1.1228,8.8156,0.948,-7.6928,4.2576,0.008,1.5544,1.1412,-12.0398,-2.115,0.6782,0.6004,2,0,8.58994992441421,8.58994992441421,0.045155019193168,-3.658413052721088,0.648166823745113,51.0,285.6909999999998,273.595,285.0628669240003,102,0,0.225952826973795,-0.393568836028574,0.393568836028574,0.225952826973795,1.894736842105263,2.842105263157894,3.631578947368421,3.059399299159941,2.403567033816425,1042.098961476628,23.78409257144667,20.838777321900608,9.594706267919062,14.042659745549352,10.452470566859771,5.119511267941358,3.328196637549855,3.666258339441262,2.214749781333771,2.383780632279475,1.441690425946272,1.6017987460209682,-1.48,3451519.4479339723,4.8126222010358415,4.566261411123596,2.020359183400714,129.50429236067333,20.674196311740747,19.171430110673025,14.288724155259157,8.145985634509527,0.0,0.0,4.567099647791356,4.983978520947208,9.967957041894415,0.0,0.0,11.600939890232516,9.11444201366982,25.7961677646836,28.744231942032627,28.58268060645153,2.862399314465268,19.519035210632985,0.0,24.73691376516591,12.27870221864256,11.586958034010486,0,0.0,5.719716975726273,5.817862777835028,0.0,11.600939890232516,51.31807220412894,4.736862953800049,0.0,23.54294616062769,6.303371713966227,8.10727047670066,11.16387793838399,0,119.31000000000002,59.86459775831169,0.0,0.0,10.286816623517629,0.0,0.0,0,0,0,25.16955194505605,32.98995476451599,98.9583409718766,5.759445815188809,10.944658479897928,7.203314049246964,-1.154100886120185,-0.5692180151381541,0.0,-15.33834451373142,-3.609651456776126,0.0,0.5,19,4,8,0,1,1,0,2,2,8,3,9,5,0,1,1,3,-0.2974,66.36500000000001,0,2,0,1,0,4,0,0,0,0,0,0,0,0,0,4,0,1,0,0,0,0,0,0,0,0,0,0,0,1,0,0,0,0,0,0,1,0,0,0,0,1,0,0,1,0,0,1,0,0,0,0,0,0,0,0,0,0,0,0,0,0,0,0,0,0,0,0,0,0,0,0,0,0,0,0,0,0,0,0,0,0,0,0,0,0.1,0.050300000000000004,0.0221,0.027800000000000002,19.2336,0.45230000000000004,-0.001,0.9446,2.9099,0.0,3.1923,8.2061,0.0152,22.6216,1.9985,10.0064,0.0551,0.0064,0.030500000000000003,0.0487,0.0068000000000000005,0.0008,0.0037,0.1154,8.8302,0.0004,0.0444,0.0648,0.0076,0.0358,25.3196,2.5459,0.0,0.0,0.0,0.0149,0.0,-0.4494,-0.0108,0.0221,-0.0112,0.1165,0.28,-0.0415,0.6568,0.0,0.0,0.8033,1.2942,0.0,12.7792,0.0021000000000000003,0.014,-0.0119,-0.0123,-0.0123,-0.0659,-0.0015,-0.0015,-0.0015,-4.2389,-10.4593,-0.0005,-0.060200000000000004,-0.014,-0.0145,-0.014400000000000001,0.6788000000000001,1.7227999999999999,0.0,0.0,0.0,0.0,0.0,0.3146,0.13290000000000002,0.0221,0.116,63.371,0.7083,0.0,1.9421,5.3207,0.0091,3.8191,15.5084,0.022600000000000002,30.9378,1.9994,15.7947,0.1458,0.1092,0.1272,0.0539,0.018000000000000002,0.0134,0.015700000000000002,9.0836,8.8302,0.0004,0.0492,0.1714,0.12840000000000001,0.1495,102.7561,2.9451,188.7264,175.0262,0.002,0.0213,0.001
Clotrimazole,3.2398,-10.0298,-6.7901,7.6484,-0.0893,4.0816,0,523.8779,-7.3537,-0.871,-8.41,261.5896,0.1983,7.7377,0.1292,3.7795,0.9231,1.185,11.417,5.7907,96.1461,-66.1644,26541.1717,688229.0584,384.343,403.9806,-3.7795,0.88,8.439,0.4885,-5.7139,0.7385,1.0124,8.5714,0.9769,-7.559,4.8244,0.0104,1.5203,1.1494,-3.7902,-3.3707000000000003,0.6782,2.0885,2,0,8.821345899470899,8.821345899470899,0.401696900982615,-3.143981481481481,0.454544984742071,20.92,344.84499999999974,327.70900000000006,344.10802622400047,122,0,0.12258561028717,-0.318902793016708,0.318902793016708,0.12258561028717,0.8,1.36,1.92,3.203928828092689,2.622933132235983,1578.2861940916025,31.90881270335832,29.27239166400914,13.0283206100276,19.36350196472025,15.30701622525451,7.184980698263737,4.670212826379518,5.048177299388745,3.43026216894088,3.7137355236978,2.452587818714214,2.683827767955254,-2.839999999999999,796493502.7350144,5.582129125874503,6.577182238233219,2.55304316640207,175.79417247037622,4.567099647791356,6.909683808553567,0.0,0.0,0.0,0.0,0.0,4.983978520947208,0.0,0.0,90.15238308985536,17.169321691057284,22.931875227067845,28.235508612689745,23.302895454893736,11.600939890232516,0.0,9.551078168738565,0.0,5.538925252383345,0.0,124.95601183171422,0,0.0,0.0,0.0,0.0,11.600939890232516,9.551078168738565,5.538925252383345,0.0,39.99324992998474,103.2430240428819,5.022633313741326,0.0,0,17.82,130.49493708409756,0.0,0.0,0.0,4.567099647791356,0.0,0,0,0,4.983978520947208,34.90383534512626,144.0142924505193,6.531896136026426,3.585512566137565,-0.8762471655328791,-6.001990425799949,0.0,-13.901859725371631,-2.990492724867725,0.0,0.0,0.045454545454545,25,0,2,0,0,0,3,1,4,2,0,3,4,0,0,0,4,5.376700000000004,101.84300000000002,0,0,0,0,0,2,0,0,0,0,0,0,0,0,0,2,0,0,0,0,0,0,0,0,0,0,0,0,0,0,0,0,0,0,3,0,0,0,0,0,0,0,0,0,1,0,0,1,0,0,0,0,0,0,0,0,0,0,0,0,0,0,0,0,0,0,0,0,0,0,0,0,0,0,0,0,0,0,0,0,0,0,0,0,0,-0.028300000000000002,0.0251,0.0253,0.0223,15.7594,0.46080000000000004,-0.001,1.0405,3.0312,0.0,2.919,8.7867,0.0064,23.7414,0.0041,0.027,0.027200000000000002,0.020800000000000003,0.0241,0.0064,0.0035,0.0027,0.0031000000000000003,0.7773,1.3296999999999999,0.0001,0.0059,0.0322,0.0247,0.0286,28.709600000000002,2.4958,0.0,0.0,0.0,0.006500000000000001,0.0,-0.27140000000000003,-0.0046,0.0253,-0.0011,0.0,0.3116,-0.043000000000000003,0.9757,0.0,-0.0036000000000000003,0.9257000000000001,2.3212,0.0001,0.0,0.001,0.0067,-0.005,-0.0031000000000000003,-0.0013000000000000002,-0.0902,-0.0006000000000000001,-0.0004,-0.0002,-6.2206,-3.8048,-0.0009000000000000001,-0.0833,-0.0059,-0.0037,-0.0015,2.2034,1.8736000000000002,0.0,0.0,0.0,0.0,0.0,0.09340000000000001,0.057100000000000005,0.0253,0.0748,35.7791,0.9098,0.0,1.9460000000000002,5.2452,0.0,3.8511,15.6481,0.0307,46.4026,1.9996,15.9184,0.061900000000000004,0.12050000000000001,0.0811,0.024900000000000002,0.008,0.0155,0.0105,9.722,10.3993,0.0002,0.023,0.0733,0.1427,0.0961,104.6171,3.5821,212.4731,192.0671,0.0064,0.0241,0.0
Colchicine,2.3271,-10.0452,-7.7181,7.044,0.5558000000000001,5.7999,0,612.6531,-18.4137,-3.3174,-8.8817,273.0446,0.4758,6.4882,0.1541,3.7999,1.1129,1.1038,10.5268,6.0602,56.7387,-87.1559,31577.5554,736627.7924,466.6115,480.1498,-3.7999,1.4627,9.0624,0.5857,-5.4219,0.8357,0.5571,8.1568,1.1713,-7.5997,4.4937000000000005,0.0164,1.2353,1.2796,-17.1608,1.3863,0.6782,5.3469,2,0,13.730244025213132,13.730244025213132,1.082371267951625,-4.5459946617535945,0.832522008138535,35.51724137931034,399.4429999999997,374.24300000000017,399.16818752000063,154,0,0.220215693461603,-0.492703839137762,0.492703839137762,0.220215693461603,1.172413793103448,1.93103448275862,2.689655172413793,3.039488502590159,3.083725695627611,1927.7016694675017,42.48868116259058,38.89670333828313,13.896703338283135,23.74335914693518,19.685668643319232,7.238455047819274,5.069431777656972,5.069431777656972,3.538143432935407,3.538143432935407,2.435089147777275,2.435089147777275,-3.219999999999999,26855512390.153725,5.682595529413423,8.426176651903862,3.721770404485165,204.2870391996901,24.257265168488573,0.0,18.660377578179915,17.08548195453595,0.0,0.0,9.589074368143644,0.0,0.0,0.0,6.042418707663295,47.56346040073963,22.01065350218421,57.472597758773794,58.05203642568556,5.9071797293515065,0.0,5.309813353288376,0.0,25.615634388304084,28.151809835530354,45.51990539001953,0,34.12495031652961,29.686055560389114,0.0,22.99804733313562,0.0,34.05898956488186,11.1674620854012,0.0,63.26781781845405,28.964212014725,1.4118420783282,11.126902983393991,0,83.09000000000002,139.83475582895164,10.959832924313863,0.0,0.0,0.0,0.0,0,0,0,4.736862953800049,47.14987773164344,221.20871876789036,0.0,26.860304149839457,-1.082371267951625,-9.257348413162582,-9.534441786101238,-11.813158895502648,-8.88584325396826,-4.005133273095491,-15.157392694614558,0.363636363636363,29,1,7,1,0,1,2,0,2,6,1,7,10,0,0,0,3,2.871600000000001,109.23470000000005,0,0,0,0,0,0,0,0,0,0,1,1,0,0,0,0,1,0,0,0,0,0,0,0,0,0,0,1,0,0,0,0,0,0,1,0,3,0,0,0,0,4,0,0,0,0,0,0,0,0,0,0,0,0,0,4,0,0,0,0,0,0,0,0,0,0,0,0,0,0,0,0,0,0,0,0,0,0,0,0,0,0,0,0,0,-0.06960000000000001,0.045200000000000004,0.0285,0.0318,7.8477,0.5807,-0.0007,1.0566,3.1124,0.0,2.9026,8.9414,0.049300000000000004,30.1199,0.038400000000000004,0.2554,0.040600000000000004,0.0167,0.0285,0.0238,0.0063,0.0026000000000000003,0.0044,0.4131,2.4389,0.0004,0.026600000000000002,0.044700000000000004,0.018500000000000003,0.031400000000000004,29.7372,2.6045,0.0,0.0,0.001,0.0482,0.0,-0.438,-0.0234,0.0285,-0.021400000000000002,0.0531,0.2657,-0.0371,0.7817000000000001,0.0,0.0,0.8583000000000001,1.7578,0.0001,13.617,0.005,0.0333,-0.021,-0.017400000000000002,-0.019200000000000002,-0.0303,-0.0032,-0.0027,-0.0029000000000000002,-2.5318,-0.5483,-0.0005,-0.0339,-0.023200000000000002,-0.019200000000000002,-0.0212,1.2591999999999999,1.7708,0.0,0.0,0.0,0.0,0.0,0.2795,0.085,0.0285,0.0857,33.7808,0.81,0.0,1.7378,4.8596,0.0,3.8099,9.0137,0.0584,39.0154,1.9942000000000002,15.1531,0.07640000000000001,0.0772,0.077,0.0408,0.0118,0.0119,0.0119,6.0143,2.9803,0.0007,0.0454,0.0844,0.08510000000000001,0.085,30.2129,3.1052,0.0,0.0,0.0018000000000000002,0.058300000000000005,0.0
Etodolac,2.6565000000000003,-9.5157,-6.8592,7.1011,-0.6854,2.8861,0,491.2597,-11.0126,-6.0831,-8.1874,204.9557,0.1646,7.7864,0.1285,3.2078,0.6608,1.4655,11.4548,4.5236,80.629,-62.296,17925.8037,415742.4239,364.3709,366.5411,-3.2078,0.4088,6.8245000000000005,0.412,-5.1545,0.662,1.3462,7.7619,0.8240000000000001,-6.4157,4.7813,0.0101,1.426,0.8521000000000001,-5.8394,0.2317,0.6782,4.1496,2,0,12.619963708496352,12.619963708496352,0.328585600907029,-4.344787414965987,0.90578428817903,43.90476190476191,287.3589999999996,266.191,287.1521435320006,112,0,0.306201518997805,-0.481141301896679,0.481141301896679,0.306201518997805,1.761904761904761,2.714285714285714,3.523809523809523,3.112235261818268,2.929232297272737,1467.6783688566695,33.187716254269354,31.171958466891542,10.171958466891548,18.447247070497674,15.869172062391506,5.513710176427685,3.981784836020042,3.981784836020042,2.85177430278853,2.85177430278853,1.9912116792477432,1.9912116792477432,-1.8099999999999992,214410312.00751424,3.567149590383935,5.187313539396647,2.141048187654557,153.31928442392297,14.822674415136516,5.601050810983688,1.4118420783282,0.0,1.431199657232634,5.969305287951849,4.794537184071822,0.0,0.0,0.0,31.831040357581244,30.24567768738213,30.09354471846413,25.479630919945222,42.09646297454148,16.872230220032904,1.431199657232634,4.977003270229252,0.0,44.79653465089256,6.558985242916289,34.94808710123234,0,0.0,0.0,0.0,0.0,0.0,22.6141019922046,27.87830075151432,0.0,69.31487758272678,18.127256122989884,1.4118420783282,12.33412458931369,0,62.32,103.17583721507413,4.794537184071822,0.0,4.977003270229252,0.0,0.0,0,0,0,5.108808191107212,33.624317256595056,175.52074222890107,0.0,12.291378107589324,2.443839878722634,-10.088702457063071,-2.405930321974468,-3.837731271520955,-16.09645286123709,-11.827143303417436,0.0,0.470588235294117,21,2,4,0,1,1,1,1,2,3,2,4,6,0,0,0,3,3.383000000000002,81.55450000000005,1,0,0,0,0,1,1,0,1,1,1,0,0,0,0,0,1,0,0,0,0,1,0,0,0,0,0,0,0,0,2,0,0,0,1,0,3,0,0,0,0,1,0,0,0,0,0,0,0,0,0,0,0,0,0,0,0,0,0,0,0,0,0,0,1,0,0,0,0,0,0,0,0,0,0,0,0,0,0,0,0,0,0,0,0,-0.0424,0.0268,0.0115,0.0287,14.8322,0.42460000000000003,-0.001,1.028,3.0908,0.0,2.911,8.8385,0.013900000000000001,24.6534,0.0005,0.0035,0.040600000000000004,0.046400000000000004,0.043500000000000004,-0.0058000000000000005,0.005200000000000001,0.0059,0.0056,1.1404,0.8779,-0.0001,-0.0039000000000000003,0.0594,0.068,0.0637,29.0541,2.5575,0.0,0.0,0.0,0.014,0.0,-0.4263,-0.008700000000000001,0.0115,-0.0079,0.0,0.2969,-0.0437,0.6564,0.0,0.0,0.804,1.2489,0.0,12.2383,0.0005,0.0035,-0.0132,-0.012,-0.012,-0.0376,-0.0017000000000000001,-0.0015,-0.0015,-13.1596,-28.811,-0.0004,-0.024800000000000003,-0.0194,-0.0176,-0.0176,0.632,1.709,0.0,0.0,0.0,0.0,0.0,0.36510000000000004,0.078,0.0115,0.0392,28.8669,0.7705000000000001,0.0,1.722,4.8978,0.0,3.805,8.8614,0.0341,36.1797,1.9998,15.1228,0.11800000000000001,0.0666,0.059300000000000005,0.11720000000000001,0.0152,0.0086,0.0076,3.6222,26.0106,0.0012000000000000001,0.0775,0.1729,0.0976,0.0869,29.1965,2.9785,0.0,0.0,0.0015,0.0341,0.0
Griseofulvin,2.6096,-10.4319,-7.8223,7.5523,0.7939,8.6956,0,550.2888,-16.2695,-2.9031,-9.1271,219.8625,0.3456,6.7584,0.148,4.1731,1.2884,0.9832,11.3117,6.2647,66.1641,-74.0334,20827.1913,513297.2209,391.4472,390.5241,-4.1731,1.8252,10.1714,0.6175,-5.8627,0.8675,0.4945,8.8407,1.2349,-8.3462,4.6151,0.015,1.2741,1.4502000000000002,-16.3001,2.2555,0.6782,2.2138,2,0,14.168060712711007,14.168060712711007,1.130222978080121,-4.195298130826406,0.8326610784751861,43.29166666666666,352.7699999999997,335.63400000000007,352.07136594400043,128,0,0.230725067439926,-0.496167518447463,0.496167518447463,0.230725067439926,1.375,2.125,2.833333333333333,3.063024231908866,2.604143798311253,1357.352929352707,32.10192981664245,28.327454215792407,12.08338316181086,18.04998347396112,14.48022368882393,6.358188161833157,4.503161616207963,4.881126089217191,3.325469288422138,3.668754874888844,2.3097258264427,2.528614178802205,-2.21,130156960.03948574,5.66055218156775,5.7015415541703725,2.02158699012613,167.70949088646643,18.9474518152002,22.08510847200613,17.29192165130502,11.384295757348628,0.0,0.0,9.589074368143644,0.0,0.0,0.0,18.452832007528198,0.0,32.58592437741264,36.19220149452019,51.83942163823762,23.167429782962397,0.0,0.0,5.893957685363079,18.825867829608747,21.113857376647765,28.43974013079336,0,17.248535499851716,14.210588861400147,0.0,17.248535499851716,11.600939890232516,38.28139808036133,9.53140013787187,5.893957685363079,46.88570114928765,17.853655325355035,5.022633313741326,0.0,0,71.06,103.08844841499456,9.589074368143644,0.0,0.0,0.0,0.0,0,0,0,9.473725907600098,44.37756125272638,151.3663175022011,6.154996251329749,27.020982360156165,-1.130222978080121,-5.231616000566893,-13.882524570045089,-3.05406772276812,-4.033754251700682,-4.09002739984883,-10.592305412899524,0.411764705882352,24,0,6,1,1,2,1,0,1,6,0,7,7,0,0,0,3,2.8103,86.12550000000005,0,0,0,0,0,0,0,0,0,0,2,2,0,0,0,0,0,0,0,0,0,0,0,0,0,0,1,0,0,0,0,0,0,0,1,0,1,0,0,0,0,4,0,0,1,0,0,0,0,0,0,2,1,0,0,3,0,0,0,0,0,0,0,0,0,0,0,0,0,0,0,0,0,0,0,0,0,0,0,0,0,0,0,0,0,-0.122,0.0142,0.0528,0.0155,7.7092,0.2566,-0.001,1.045,3.161,0.0,2.916,9.145,0.0077,27.2925,0.771,5.6316,0.011,0.0135,0.012,-0.0025,0.0016,0.002,0.0018000000000000002,1.2499,0.802,0.0,-0.0033,0.0108,0.013300000000000001,0.0118,31.1039,2.566,0.0,0.0,0.0,0.008,0.0,-0.374,-0.023200000000000002,0.0528,-0.023200000000000002,0.0,0.2566,-0.041,0.9554,0.0,-0.004,0.856,2.2023,0.0,12.174,0.0001,0.001,-0.018000000000000002,-0.018000000000000002,-0.018000000000000002,-0.092,-0.0027,-0.0027,-0.0027,-0.9783000000000001,-1.2479,-0.0014,-0.11860000000000001,-0.0177,-0.0177,-0.0177,1.9841000000000002,1.7606000000000002,0.0,0.0,0.0,0.0,0.0,0.2341,0.1365,0.0528,0.152,60.7041,0.8086,0.0,1.944,5.2339,0.0,3.8973,15.5531,0.0432,35.9036,1.9998,15.979,0.10590000000000001,0.164,0.11800000000000001,0.0538,0.015700000000000002,0.024300000000000002,0.0175,2.2726,10.8079,0.0008,0.0693,0.1041,0.1612,0.116,103.3562,2.9334,168.9815,162.6732,0.001,0.043000000000000003,0.0
Hydroquinine,2.4768,-9.7496,-7.2728,7.0422,-0.0832,5.0615,0,540.5722,-8.5142,-3.0172,-8.5111,240.0084,0.301,7.1254,0.1403,3.4795,0.8496,1.2873,10.8271,4.589,65.2095,-70.1029,24667.6747,567090.6891,403.4958,423.2694,-3.4795,0.8097000000000001,7.7688,0.4884,-5.2609,0.7384000000000001,0.9328,7.8919,0.9767,-6.9591,4.2285,0.0117,1.3229,1.0421,-4.7337,-1.4415,0.6782,2.2659,2,0,9.433204601284958,9.433204601284958,0.916022534013604,-4.761601028082135,0.93523977216901,66.75,326.43999999999954,300.232,326.1994280720007,128,0,0.211023015618928,-0.496742939607858,0.496742939607858,0.211023015618928,1.708333333333333,2.708333333333333,3.583333333333333,2.941309014865123,2.337723215255264,1772.8930097961738,39.3948230354559,37.71092377192764,11.710923771927645,21.93041031809207,19.388654714909556,6.48040642444569,4.615147750704714,4.615147750704714,3.270894789364538,3.270894789364538,2.18776379971959,2.18776379971959,-1.65,6722938673.58965,3.863602072191056,6.337901628826777,2.579450840365649,179.6189324978794,9.84567114490726,5.749511833283905,0.0,1.431199657232634,0.0,0.0,9.883888251797686,0.0,0.0,0.0,13.22481701862506,60.76375118005104,46.0060084766687,30.97149820898081,44.11463504916278,10.902924932081056,1.431199657232634,9.883888251797686,11.787915370726155,38.06857731658345,20.03167182751448,35.90602153316493,0,5.749511833283905,4.736862953800049,0.0,5.749511833283905,0.0,42.473460396001656,0.0,11.787915370726155,71.88310024418634,30.34257004146794,0.0,10.902924932081056,0,45.59,127.34653254420442,2.74151711234044,0.0,0.0,0.0,0.0,0,0,0,14.82964966585447,32.95864644914769,223.53817360975796,0.0,2.65445417604982,3.227892061917358,-2.633150121191472,-10.634133287931542,-9.760784171049917,-19.163341150868817,-13.034003001921535,-3.4451081147619,0.55,24,1,4,0,3,3,1,1,2,4,1,4,7,0,3,3,5,3.397200000000002,95.12080000000006,0,1,0,0,0,1,0,0,0,0,0,0,0,0,0,2,0,0,0,0,0,0,0,0,0,0,0,0,0,0,0,0,0,0,1,0,4,0,0,0,0,1,0,0,0,0,0,0,0,0,0,0,0,0,0,1,0,0,0,0,0,0,0,0,0,0,0,0,0,3,0,0,0,1,0,0,0,0,0,0,0,0,0,0,0,-0.0765,0.034800000000000005,0.030600000000000002,0.0238,4.8177,0.7253000000000001,0.0,1.0378,3.1423,0.0,2.9146,8.9686,0.0241,30.4097,0.0017000000000000001,0.0115,0.0409,0.0143,0.028,0.026600000000000002,0.0057,0.002,0.0039000000000000003,0.3507,2.8847,0.00030000000000000003,0.022600000000000002,0.052700000000000004,0.0184,0.0361,29.9134,2.6495,0.0,0.0,0.0,0.0238,0.0,-0.44720000000000004,-0.0172,0.030600000000000002,-0.015300000000000001,0.0,0.2617,-0.041,0.6849000000000001,0.0,0.0,0.8043,1.3244,0.0001,14.0053,0.0005,0.0036000000000000003,-0.020200000000000003,-0.015300000000000001,-0.0181,-0.0855,-0.0028,-0.0022,-0.0025,-21.2206,-3.9884,-0.001,-0.0727,-0.026000000000000002,-0.019700000000000002,-0.0233,0.711,1.7721,0.0,0.0,0.0,0.0,0.0,0.3035,0.0907,0.030600000000000002,0.09,24.2187,0.7557,0.0,1.6959,4.8729,0.0,3.8659,8.9686,0.0707,33.5549,1.998,15.1504,0.1067,0.1051,0.10590000000000001,0.0613,0.015,0.0148,0.0148,18.0333,5.9,0.0007,0.0521,0.1374,0.1353,0.1363,29.9134,2.9455999999999998,0.0,0.0,0.009000000000000001,0.0623,0.0
Hydroxychloroquine,2.6277,-9.5174,-6.8897,6.8556,-0.3798,9.1933,0,556.4029,-10.2772,-1.5781,-8.2035,243.4664,0.263,7.2354,0.1382,3.2379,0.7245,1.4204,10.5616,4.4309,68.1323,-69.2196,25088.9206,598030.7111,416.3032,432.6657,-3.2379,0.5646,7.0404,0.4475,-5.0468,0.6975,1.1043,7.5801,0.895,-6.4758,4.2583,0.0112,1.3745,0.9247,-7.1447,-2.2326,0.6782,4.5198,2,0,8.853348039318607,8.853348039318607,0.743665777653145,-4.941869396678428,0.731780104377116,35.391304347826086,335.8789999999996,309.67100000000005,335.17644013200066,126,0,0.210103351087788,-0.395044572316183,0.395044572316183,0.210103351087788,1.608695652173913,2.565217391304347,3.391304347826087,2.923925744973372,3.192674271781661,1604.8379189965349,39.26506652345898,37.12785354997296,11.88378249599142,21.406642508747517,18.56381585195022,6.086318438995625,3.593095292245422,3.97105976525465,2.182472052335955,2.371454288840568,1.324940904359309,1.461689735348041,-1.359999999999999,2718971438.915423,3.896633050554017,9.062254640025788,5.341836349421254,179.69835038936588,15.318531275246066,0.0,1.4118420783282,1.431199657232634,0.0,0.0,4.983978520947208,0.0,0.0,0.0,18.452832007528198,56.7611361192395,56.71602806509361,23.041754409894303,39.41885561752071,28.19125109699713,1.431199657232634,9.883888251797686,0.0,32.467526505599764,31.359377649152496,35.36520335520927,0,0.0,5.309813353288376,5.687386274683562,0.0,11.600939890232516,48.4913528643513,0.0,0.0,59.347839385335455,30.34257004146794,6.434475392069527,10.902924932081056,0,48.39,120.68232844757664,0.0,0.0,0.0,0.0,0.0,0,0,0,10.09278671205442,47.342186973878654,210.86873642044023,5.87361259133655,2.247976643048602,1.037260711167133,-2.261215418632117,0.0,-8.9798554065858,-11.018272435358227,-26.907131994305285,0.0,0.5,23,2,4,0,0,0,1,1,2,4,2,5,12,0,0,0,2,3.783000000000002,98.27150000000006,0,1,0,0,0,1,0,0,0,0,0,0,0,0,0,2,1,0,0,1,0,0,0,0,0,0,0,0,0,1,0,0,0,0,1,0,1,0,0,0,0,0,0,0,1,0,0,0,0,0,0,0,0,0,0,0,0,0,0,0,0,0,0,0,0,0,0,0,0,0,0,0,0,1,0,0,0,0,0,0,0,0,0,0,0,-0.08600000000000001,0.0152,0.0,0.0188,9.6299,0.6806,-0.001,1.041,3.126,0.0,2.9130000000000003,9.004,0.018600000000000002,26.3042,0.0298,0.19820000000000002,0.021,0.032,0.026000000000000002,-0.011,0.0029000000000000002,0.0044,0.0036000000000000003,1.5167000000000002,0.6594,-0.0001,-0.008,0.0298,0.0455,0.0369,30.1469,2.591,0.0,0.0,0.0,0.018000000000000002,0.0,-0.455,-0.011600000000000001,0.0,-0.008,0.0,0.2551,-0.041,0.672,0.0,0.0,0.804,1.316,0.0,12.7019,0.00030000000000000003,0.0023,-0.016,-0.016,-0.011,-0.082,-0.0022,-0.0022,-0.0015,-37.0523,-5.491,-0.0009000000000000001,-0.0594,-0.0227,-0.0227,-0.015600000000000001,0.7010000000000001,1.8090000000000002,0.0,0.0,0.0,0.0,0.0,0.307,0.07970000000000001,0.0,0.0746,69.7499,0.7218,0.0,1.948,5.329,0.001,3.807,15.687,0.06,40.0841,1.9999,15.9313,0.11,0.11,0.10300000000000001,0.045,0.0152,0.0152,0.0142,14.9895,6.843,0.0005,0.032600000000000004,0.1563,0.1563,0.1463,105.1355,2.927,158.1747,158.1839,0.008,0.052000000000000005,0.0
Ibuprofen,4.0921,-10.5542,-6.462,8.0486,-1.0301,1.9008,0,433.409,-9.9177,-5.825,-8.5081,155.418,0.0614,9.0788,0.1102,3.5093,0.6782,1.3593,12.2368,3.5623,99.417,-45.1716,10236.7206,234134.0138,303.6243,292.0548,-3.5093,0.3385,7.357,0.3865,-5.7789,0.6365000000000001,1.7084,8.7269,0.7731,-7.0185,4.3903,0.0059,1.8609,0.9418,-5.5594,0.7886000000000001,0.6782,3.8642,2,0,12.01275738308409,12.01275738308409,1.437363000755857,-4.012712191358025,0.8215995486924971,36.266666666666666,206.2850000000001,188.141,206.130679816,82,0,0.31018535153231,-0.480788501925738,0.480788501925738,0.31018535153231,1.6,2.333333333333333,2.8666666666666663,2.614794598810607,4.245068196354044,897.6133951693004,26.74855866551393,25.316496580927726,7.316496580927726,14.36813182138298,12.566496580927726,3.658248290463863,2.412457478565265,2.412457478565265,1.3291241452319311,1.3291241452319311,0.727062072615965,0.727062072615965,-1.31,2223830.510396445,2.195241043594357,4.964460295417243,3.387630631562938,116.3178930336608,5.108808191107212,0.0,0.0,0.0,1.431199657232634,5.969305287951849,4.794537184071822,0.0,0.0,0.0,37.87345906524454,30.245677687382127,17.819861230212858,11.37699191004396,33.20624083007277,5.969305287951849,1.431199657232634,0.0,5.893957685363079,32.8225589385795,0.0,35.29657781404717,0,0.0,0.0,0.0,0.0,0.0,11.078113479059065,11.1674620854012,5.893957685363079,60.879432475537904,24.16967483065318,0.0,1.431199657232634,0,37.3,79.98239972594158,4.794537184071822,0.0,0.0,0.0,0.0,0,0,0,5.108808191107212,24.73409511212637,138.26587939092968,0.0,12.01275738308409,3.548795264604924,-2.941406840513983,-9.813481434240364,-6.019232804232802,-3.914287485827664,-11.4723568071372,0.0,0.461538461538461,15,1,2,0,0,0,1,0,1,2,1,2,7,0,0,0,1,3.073200000000001,61.03480000000004,1,0,0,0,0,0,0,0,1,1,1,0,0,0,0,0,0,0,0,0,0,0,0,0,0,0,0,0,0,0,0,0,0,0,1,0,0,0,0,0,0,0,0,0,0,0,0,0,0,0,0,0,0,0,0,0,0,0,0,0,0,0,0,0,0,0,0,0,0,0,0,0,0,0,0,0,0,0,0,0,0,0,0,0,0,-0.038400000000000004,0.018500000000000003,0.025400000000000002,0.0165,8.7581,0.6415000000000001,-0.0002,1.0418,3.0373,0.0,2.9246,8.8239,0.0054,25.9217,0.013600000000000001,0.09040000000000001,0.0273,0.0216,0.0244,0.0056,0.003,0.0024000000000000002,0.0027,0.8205,1.2748,0.0001,0.0038,0.0371,0.029400000000000003,0.033100000000000004,28.9516,2.5738,0.0,0.0,0.0,0.0051,0.0,-0.40990000000000004,-0.0095,0.025400000000000002,-0.008400000000000001,0.0782,0.298,-0.0439,0.664,0.0,0.0,0.804,1.2613,0.0,12.146,0.0035,0.0233,-0.014,-0.0148,-0.012400000000000001,-0.025500000000000002,-0.0015,-0.0016,-0.0013000000000000002,-2.8903,-9.0818,-0.0002,-0.0173,-0.019,-0.0201,-0.016800000000000002,0.6445000000000001,1.7102,0.0,0.0,0.0,0.0,0.0,0.3629,0.0892,0.025400000000000002,0.075,36.1623,0.6808000000000001,0.0,1.7245,4.8973,0.0,3.8579,8.8259,0.008700000000000001,32.006,1.9985,15.8115,0.1316,0.08940000000000001,0.1106,0.051300000000000005,0.0145,0.0099,0.0122,4.1562,5.1654,0.00030000000000000003,0.034800000000000005,0.17880000000000001,0.12150000000000001,0.15030000000000002,28.9656,2.7449,0.0,0.0,0.0,0.009000000000000001,0.0
Indomethacin,2.4698,-10.1781,-7.7083,7.3867,0.714,3.0409,0,561.1257,-15.9255,-6.99,-8.943200000000001,240.0478,0.3166,6.6727,0.1499,4.0503,1.2296,1.0204,11.0149,6.4687,69.9721,-72.63,23513.0875,596965.9305,402.0634,402.1742,-4.0503,1.702,9.8027,0.607,-5.7186,0.8571000000000001,0.5156000000000001,8.6163,1.2141,-8.1007,4.6914,0.0158,1.273,1.3951,-11.0451,1.4314,0.6782,4.2916,2,0,13.91394479087931,13.91394479087931,0.030210695389266,-3.6735599201100193,0.7678065120522061,21.48,357.79299999999984,341.66500000000013,357.0767856720004,128,0,0.307407801633405,-0.496742959517403,0.496742959517403,0.307407801633405,1.36,2.16,2.84,3.241085378274564,2.759266558719103,1595.821555134964,31.729168138596737,27.95817123036464,12.714100176383091,18.51668484838825,14.28867164637807,6.758387828923436,4.495402289451185,4.873366762460413,3.044355392071109,3.233337628575722,2.066929693018754,2.161420811271061,-2.789999999999999,255739689.1914201,6.179619705449648,6.607181634243952,3.104666499487256,171.51429200637315,9.84567114490726,5.749511833283905,0.0,0.0,7.3383793865841405,5.969305287951849,14.156174015934996,0.0,0.0,0.0,11.600939890232516,54.71227456263573,28.52002979560268,32.635163639530425,39.99612385560422,34.380349839616926,1.431199657232634,4.567099647791356,0.0,13.22481701862506,7.037952458882589,64.14039524562685,0,5.749511833283905,4.736862953800049,0.0,5.749511833283905,11.600939890232516,28.59034531508451,11.1674620854012,6.851892117295679,42.1767465048676,42.29693095364306,5.022633313741326,12.33412458931369,0,68.53,112.9320865058028,9.589074368143644,0.0,4.567099647791356,0.0,0.0,0,0,0,9.84567114490726,33.59351789001845,131.60671875278766,5.78027182219832,26.27859303086349,1.9307071110838807,-4.927687407267433,-4.9365656732670615,-7.577361336399337,-3.6735599201100193,-3.614896598814426,-3.338442003297286,0.157894736842105,25,1,5,0,0,0,2,1,3,5,1,6,6,0,0,0,3,3.927320000000003,95.74730000000004,1,0,0,0,0,1,0,0,1,1,2,1,0,0,0,1,0,0,0,0,0,0,0,0,0,0,0,0,0,0,0,0,0,0,2,0,1,0,0,0,0,1,0,0,1,0,0,0,0,0,0,0,0,0,0,1,0,0,0,0,0,0,0,0,0,0,0,0,0,0,0,0,0,0,0,0,0,0,0,0,0,0,0,0,0,-0.0719,0.013600000000000001,0.024800000000000003,0.0261,7.8871,0.2524,-0.001,1.0441,3.0794,0.0,2.9116,8.9514,0.0188,27.8666,0.7743,5.6622,0.0111,0.031400000000000004,0.0212,-0.0204,0.0017000000000000001,0.0047,0.0032,2.8459,0.3531,-0.00030000000000000003,-0.025,0.011300000000000001,0.032100000000000004,0.0216,29.7993,2.6071,0.0,0.0,0.0,0.0189,0.0,-0.4087,-0.0183,0.024800000000000003,-0.0199,0.6886,0.2524,-0.044,0.6391,0.0,0.0,0.804,1.2579,0.0001,12.3214,0.0011,0.0073,-0.0149,-0.0212,-0.0162,-0.046,-0.0022,-0.0032,-0.0024000000000000002,0.047,0.0574,-0.0007,-0.0565,-0.0152,-0.0216,-0.0165,0.6412,1.7111,0.0,0.0,0.0,0.0,0.0,0.3654,0.132,0.024800000000000003,0.1291,69.5796,0.7331000000000001,0.0,1.9452,5.2799,0.0,3.806,15.6241,0.0302,34.2966,1.9996,15.9234,0.10740000000000001,0.11470000000000001,0.105,0.059300000000000005,0.0161,0.0172,0.015700000000000002,22.2476,30.4335,0.0009000000000000001,0.0729,0.1096,0.11710000000000001,0.1071,104.2973,3.0105,160.1902,160.2205,0.0015,0.0302,0.0
Ketanserin,1.6477,-9.4391,-7.7914,7.2149,1.1028,4.6816,0,605.4463,-16.6156,-3.9552,-8.6153,269.799,0.4507,6.1122,0.1637,4.1588,1.4172,0.9459,10.8835,7.2063,65.8645,-84.1087,30532.5876,723278.4555,440.4725,459.2842,-4.1588,2.2742,10.5919,0.6809000000000001,-5.6869,0.9309,0.3145,8.6322,1.3618,-8.3177,4.8861,0.0214,1.1298,1.5372,-14.4885,1.1499,0.6782,0.3709,2,0,14.24290343748218,14.24290343748218,0.449686572319252,-4.708707472690383,0.6735760490733901,35.62068965517241,395.4339999999997,373.25800000000015,395.16451978400056,150,0,0.328376290353862,-0.306647700781896,0.328376290353862,0.306647700781896,1.206896551724138,1.896551724137931,2.620689655172413,3.000094116492755,2.091444186021513,2122.50422981107,39.892304845413264,35.94435013090069,13.944350130900691,22.698929172439204,18.5374226497002,7.590209054200241,5.184277317354948,5.184277317354948,3.391027357706421,3.391027357706421,2.075435165293272,2.075435165293272,-3.06,16191688552.377213,6.2179179767447,8.126207150619834,4.048073139800842,197.11047807661924,9.87691300107973,5.817220841045895,7.19508702469314,0.0,5.559266895052007,5.689743398203474,14.156174015934996,9.184952231746642,0.0,0.0,12.08483741532659,61.994081417270415,39.5294726635644,24.61051049378325,39.38272398964947,16.686169878445998,0.0,14.444012648871086,5.893957685363079,19.242709486974704,19.49057905294784,80.55810665544838,0,0.0,11.24901029325548,4.39041504767482,0.0,0.0,39.717836648183855,6.496859684315945,11.711178526408974,51.88976815800224,57.92842402945,1.4118420783282,10.902924932081056,0,75.17,146.72646103990746,18.774026599890284,0.0,0.0,0.0,0.0,0,0,0,0.0,30.197771757902814,195.61695772894268,0.0,39.0970095210003,-1.277230486335166,-7.072547492391851,-8.887024560141448,-10.931658601873954,-9.257241964801944,-18.53826414439871,0.0,0.318181818181818,29,1,6,0,1,1,2,1,3,5,1,7,5,0,1,1,4,2.4238,108.72320000000003,0,0,0,0,0,2,1,0,0,0,1,1,0,0,0,2,1,0,0,0,1,1,0,0,0,0,0,0,0,0,0,0,0,0,2,0,1,0,0,0,0,0,0,0,1,0,0,0,0,0,0,1,1,0,0,0,0,0,0,0,0,0,0,0,1,0,0,0,0,1,0,0,0,0,0,0,0,0,0,0,0,0,0,0,0,-0.0339,0.014400000000000001,0.0284,0.0212,15.4655,0.4343,-0.0009000000000000001,1.0493,3.0026,0.0,2.917,8.8072,0.0073,22.7323,0.0006000000000000001,0.004,0.01,0.0194,0.0149,-0.0094,0.0016,0.0032,0.0025,2.2167,0.5113,-0.0002,-0.0131,0.0094,0.0183,0.014,28.8455,2.4927,0.0,0.0,0.0,0.0071,0.0,-0.448,-0.0149,0.0284,-0.0201,0.1638,0.3038,-0.038400000000000004,0.7654000000000001,0.0,0.0,0.787,1.6445,0.0,13.8052,0.00030000000000000003,0.0022,-0.0105,-0.0234,-0.0143,-0.1279,-0.0017000000000000001,-0.0038,-0.0023,-17.5487,-0.5794,-0.0027,-0.18050000000000002,-0.01,-0.0222,-0.013600000000000001,1.1019,1.8887,0.0,0.0,0.0,0.0,0.0,0.3301,0.1194,0.0284,0.10310000000000001,46.1198,0.7245,0.0,1.8321,5.4547,0.0,3.8578,8.8742,0.093,31.6998,1.9999,15.3704,0.08420000000000001,0.1325,0.0722,0.0374,0.013800000000000002,0.0217,0.0118,7.2323,9.86,0.0008,0.0529,0.0796,0.1254,0.0679,29.284,2.8216,0.0,0.0,0.0082,0.0849,0.0
Lamivudine,2.856,-10.2312,-7.3752,7.8387,0.036,6.8668,0,395.0603,-22.457,-7.3199,-8.8032,143.2321,0.1881,7.8028,0.1282,3.9374,0.9935,1.1256,12.2242,5.2185,81.1387,-46.9834,8766.0336,223090.8597,264.2505,253.865,-3.9374,1.012,8.8867,0.5046,-5.888,0.7546,0.9576,8.8322,1.0092,-7.8747,4.784,0.0101,1.3987,1.1919,-16.5072,0.6918000000000001,0.6782,2.5263,2,0,12.183768975182664,12.183768975182664,0.036062452758881,-3.22651029856387,0.7038615838122521,50.0,229.26100000000008,218.173,229.052112212,82,0,0.35114912918772,-0.392758377436838,0.392758377436838,0.35114912918772,2.266666666666666,3.2,4.0,2.686740979383121,2.718995952990018,790.6851049586654,20.29252873988395,17.974633948355326,7.791130529283052,11.633463462290251,8.869061139355242,4.382882238819189,2.291056311397593,3.070095413760054,1.37917589927657,2.007920470759362,0.812338809256506,1.287568284565776,-1.05,223547.59644859325,3.474073640950248,4.213446893102682,2.137865937402115,105.72436870061698,15.565388120633536,17.43386559854235,2.823684156656401,1.431199657232634,0.0,5.689743398203474,4.567099647791356,4.794537184071822,4.983978520947208,11.761884949391115,0.0,6.042418707663295,14.619369208305358,14.783536579937609,23.63542375092542,17.57974772722614,1.431199657232634,9.551078168738565,0.0,11.616002820707322,17.98365910379272,22.69959450075335,0,0.0,11.409460373929749,5.817862777835028,0.0,11.761884949391115,33.76707815591563,4.736862953800049,0.0,17.170021259298313,17.009851102549877,2.823684156656401,0.0,0,90.37,47.60286504329032,4.794537184071822,0.0,22.04870157290874,0.0,0.0,0,0,0,10.09278671205442,19.957815217050843,87.79844009056153,-0.209054993911145,15.35387140967498,3.738735103213818,-7.772240005965656,-0.853685791446207,-0.964946906231628,-4.36486394557823,-3.22625496031746,0.0,0.5,15,3,6,0,1,1,0,1,1,7,2,7,4,0,1,1,2,-0.5941000000000001,56.36320000000002,0,1,0,1,0,2,0,0,0,0,0,0,0,0,0,2,0,1,0,0,0,0,0,0,0,0,0,0,0,1,0,0,0,0,0,0,0,0,0,0,0,1,0,0,0,0,0,0,0,0,0,0,0,0,0,0,0,0,0,0,0,0,0,0,0,0,0,0,0,0,0,0,0,0,0,1,0,0,0,0,0,0,0,0,0,-0.0975,0.022,0.05,0.0227,15.9341,0.5265000000000001,-0.001,1.0351,3.1554,0.0,2.9102,9.049,0.0102,22.5932,0.010100000000000001,0.067,0.0221,0.0236,0.0228,-0.0015,0.0028,0.003,0.0029000000000000002,1.0717,0.9572,-0.0,-0.0015,0.024900000000000002,0.026600000000000002,0.0257,30.4528,2.5101,0.0,0.0,0.0,0.01,0.0,-0.44430000000000003,-0.020200000000000003,0.05,-0.0316,0.5834,0.2797,-0.0402,0.6593,0.0,0.0,0.8048000000000001,1.3098,0.0,12.7754,0.0047,0.0316,-0.0204,-0.043300000000000005,-0.0318,-0.09870000000000001,-0.0026000000000000003,-0.0055000000000000005,-0.0041,-0.0228,-42.5027,-0.001,-0.098,-0.0229,-0.0487,-0.0358,0.6956,1.7245,0.0,0.0,0.0,0.0,0.0,0.33840000000000003,0.22340000000000002,0.05,0.2723,42.0758,0.6796,0.0,1.9323000000000001,4.9226,0.0303,3.8262,20.5799,0.0446,31.0556,1.9969999999999999,15.2162,0.2247,0.3234,0.274,0.0502,0.028800000000000003,0.0415,0.0351,3.223,5.8697,0.0005,0.049800000000000004,0.25270000000000004,0.36410000000000003,0.3083,149.5166,2.6858,231.7767,193.5837,0.0032,0.0391,0.0053
Lidocaine,3.6827,-9.7526,-6.0699,7.2705,-1.3275,4.5152,0,454.1434,-7.8939,-1.219,-7.9113,181.016,0.0863,8.598,0.1163,2.9715,0.5136000000000001,1.6395,11.5193,3.3088,93.8535,-51.1336,13880.2169,311485.8191,334.2272,334.428,-2.9715,0.1575,6.1005,0.3456,-5.121,0.5956,1.841,7.7841,0.6912,-5.9431,4.4425,0.007,1.7652,0.737,-7.0555,-0.2976,0.6782,3.5687,2,0,13.304207294028718,13.304207294028718,0.8500784202569911,-4.472629086356767,0.8489671904749561,35.11764705882353,234.3430000000002,212.167,234.173213324,94,0,0.238066131875597,-0.324484604945174,0.324484604945174,0.238066131875597,1.470588235294117,2.117647058823529,2.6470588235294112,2.654541781468161,4.234941169700248,1041.2015710038688,31.696152422706632,30.30267548146378,8.30267548146378,16.785468820183674,15.019371729481785,4.072158133981826,2.561383154283389,2.561383154283389,1.493009185604959,1.493009185604959,0.8174964398237491,0.8174964398237491,-1.349999999999999,20709705.016803384,2.369515915973115,6.401220913530595,3.858200815473424,134.78956562445518,5.309813353288376,0.0,1.4118420783282,5.9071797293515065,0.0,0.0,9.6944469149223,0.0,0.0,0.0,31.831040357581244,37.82440658661724,27.61952317340708,13.350652465167045,34.99230894197464,11.594566004035068,0.0,4.899909730850478,0.0,27.40756846918272,24.80039240623621,29.254159106383877,0,0.0,5.309813353288376,5.687386274683562,0.0,0.0,30.297668513149816,4.794537184071822,13.70378423459136,53.616616897560014,18.127256122989884,1.4118420783282,0.0,0,32.34,97.95659571668835,4.794537184071822,0.0,0.0,0.0,0.0,0,0,0,0.0,30.197771757902817,169.51954524816378,0.0,12.1821518329554,-0.8500784202569911,-4.602137818090201,-2.572888321995464,-3.971132772617259,0.0,-28.288793081492628,0.0,0.5,17,1,3,0,0,0,1,0,1,2,1,3,9,0,0,0,1,2.58374,72.33370000000004,0,0,0,0,0,0,0,0,0,0,1,1,0,0,0,1,1,0,0,1,0,0,0,0,0,0,0,1,0,1,0,0,0,0,1,0,0,0,0,0,0,0,0,0,0,0,0,0,0,0,0,0,0,0,0,0,0,0,0,0,0,0,0,0,1,0,0,0,0,0,0,0,0,0,0,0,0,0,0,0,0,0,0,0,0,-0.0381,0.0298,0.0152,0.023200000000000002,16.4996,0.47540000000000004,-0.001,1.021,3.1066,0.0,2.9156,8.8228,0.0081,22.209,0.007200000000000001,0.047900000000000005,0.058,0.0325,0.0451,0.025500000000000002,0.0068000000000000005,0.0038,0.005200000000000001,0.5556,1.8014999999999999,0.0002,0.0131,0.0951,0.0534,0.074,28.9483,2.4853,0.0,0.0,0.0,0.008,0.0,-0.4338,-0.0123,0.0152,-0.009600000000000001,0.010100000000000001,0.312,-0.039,0.8068000000000001,0.0,0.0,0.857,1.6658,0.0,13.8949,0.007200000000000001,0.047900000000000005,-0.0238,-0.0211,-0.018600000000000002,-0.1066,-0.0028,-0.0025,-0.0022,-1.4391,-0.0286,-0.0007,-0.0548,-0.039,-0.0346,-0.030600000000000002,1.1307,1.8210000000000002,0.0,0.0,0.0,0.0,0.0,0.26940000000000003,0.056400000000000006,0.0152,0.050800000000000005,30.8473,0.7127,0.0,1.724,4.9055,0.0,3.7619,8.8478,0.0132,34.2517,1.9969999999999999,15.1231,0.10980000000000001,0.1087,0.0989,0.0497,0.0128,0.0126,0.0115,70.1932,5.7834,0.0004,0.0256,0.18,0.17830000000000001,0.1621,29.109,2.8271,0.0,0.0,0.001,0.0118,0.0
Mizolastine,3.114,-10.0646,-6.9506,7.0206,0.2748,6.8012,0,669.5903,-20.0979,-3.1853,-8.5076,305.4115,0.2753,6.7458,0.1483,3.6477,0.9865,1.1855,10.377,6.6926,81.7381,-90.5829,38627.5885,915479.8314,492.8529,507.6213,-3.6477,1.1415,8.4368,0.5408000000000001,-5.3341,0.7908000000000001,0.7117,8.0071,1.0816,-7.2953,4.8871,0.0159,1.3293,1.178,-16.4074,-1.1834,0.6782,4.2796,2,0,14.643724628218768,14.643724628218768,0.133888131794652,-4.5906805901947045,0.5234372068442691,34.15625,432.50299999999976,407.3030000000002,432.2073876400007,164,0,0.251712951615966,-0.342286895974327,0.342286895974327,0.251712951615966,1.3125,2.09375,2.875,3.4812780149137352,2.000995336768483,2385.333269626659,44.03856921535524,40.46949433647284,15.469494336472838,25.537264135556143,20.94442194348619,8.49720834798623,5.803809576162867,5.803809576162867,3.818216684143894,3.818216684143894,2.471118502683088,2.471118502683088,-3.679999999999999,364946488477.76495,6.43342549193105,8.452068204894788,3.954767308823788,219.88313954086675,14.366919109492311,5.817220841045895,1.4118420783282,11.896678561972989,5.559266895052008,0.0,9.771540454301077,14.358372089569237,0.0,0.0,24.16967483065318,42.47897612500893,53.28109677361429,35.350122349761335,38.70046247408831,22.93007999720551,0.0,19.512059959915025,0.0,25.260601955324347,29.76936573061509,82.28913999165115,0,0.0,15.359086356752965,16.28709360964781,0.0,0.0,45.4994986971788,6.496859684315945,5.817220841045895,51.20750664244108,65.34920076385623,1.4118420783282,11.033401435232523,0,70.05000000000001,160.43165376095357,10.555710787916862,0.0,4.567099647791356,0.0,0.0,0,0,0,9.967957041894415,32.93928887024326,227.8905835653299,0.0,17.778560774924117,0.0,-5.443013905611343,-5.243535735371107,-16.376865303358816,-10.534926496959349,-16.987469565620138,0.0,0.291666666666666,32,1,7,0,1,1,2,2,4,6,1,8,6,0,1,1,5,3.412200000000001,123.7307,0,0,0,0,0,4,1,0,0,0,0,0,0,0,0,5,1,0,0,0,0,1,0,0,0,0,0,0,0,2,0,0,0,0,2,0,1,0,0,0,0,0,0,0,1,0,0,1,0,0,0,0,0,0,0,0,0,0,0,0,0,0,0,0,2,0,0,0,0,1,0,0,0,0,0,0,0,0,0,0,0,0,0,0,0,-0.10400000000000001,0.0234,0.029400000000000003,0.032100000000000004,16.3724,0.4137,-0.001,1.049,3.1461,0.0,2.9039,9.0743,0.0189,21.8106,0.0016,0.0106,0.0238,0.0413,0.0325,-0.0175,0.0035,0.0061,0.0048000000000000004,1.7246000000000001,0.5809000000000001,-0.00030000000000000003,-0.0173,0.028200000000000003,0.0489,0.0386,30.6259,2.4598,0.0,0.0,0.0,0.019,0.0,-0.4519,-0.0117,0.029400000000000003,-0.013800000000000002,0.006900000000000001,0.3013,-0.041,0.7724000000000001,0.0,0.0,0.787,1.675,0.0,13.9846,0.0006000000000000001,0.0044,-0.0119,-0.0171,-0.014,-0.053700000000000005,-0.0018000000000000002,-0.0025,-0.0021000000000000003,-0.5986,-9.6236,-0.0009000000000000001,-0.0531,-0.014100000000000001,-0.020300000000000002,-0.0166,1.1435,1.8642,0.0,0.0,0.0,0.0,0.0,0.27790000000000004,0.0574,0.029400000000000003,0.0655,47.1663,0.7397,0.0,1.8331,5.4515,0.0,3.805,9.0743,0.0199,36.7365,1.9997,15.378,0.058100000000000006,0.0746,0.0663,0.0359,0.0086,0.0111,0.0098,14.2473,22.2283,0.0006000000000000001,0.0354,0.0687,0.0884,0.0785,30.6259,2.9943,0.0,0.0,0.0021000000000000003,0.019,0.0
Nevirapine,2.5005,-9.9647,-7.4642,7.3267,0.2868,2.549,0,458.0012,-9.8128,-2.1054,-8.7145,189.0603,0.3516,7.0399,0.142,3.8068,1.0293,1.1359,11.6098,5.4726,64.4214,-55.0363,14713.241,353699.1611,316.7435,312.8533,-3.8068,1.1902,8.8037,0.5407000000000001,-5.5667,0.7907000000000001,0.7425,8.356,1.0815,-7.6135,4.7344,0.0136,1.2019,1.1904,-7.0588,-1.3269,0.6782,1.259,2,0,13.213574263038543,13.213574263038543,0.069432634164777,-3.211460104875284,0.861716125086419,34.9,266.3039999999998,252.192,266.1167610680003,100,0,0.259040848923194,-0.318474302895727,0.318474302895727,0.259040848923194,1.5,2.35,3.15,3.057425241892186,2.256150993978391,1261.217863622602,25.919767061838236,23.697102672463696,9.697102672463696,15.335128648705794,12.4137989204817,5.466585324981743,3.919006946408316,3.919006946408316,2.7313549027620763,2.7313549027620763,1.82594727959641,1.82594727959641,-2.43,14887019.312605953,4.036621409073112,4.030422454929436,1.591657642648896,135.93970314082148,10.209723084138854,5.817862777835028,7.229704856163229,0.0,5.9071797293515065,0.0,4.794537184071822,9.967957041894415,0.0,0.0,0.0,43.28844953464132,27.958992783170704,19.47538910340188,24.02624049261288,23.23029155970513,0.0,9.967957041894415,0.0,25.615634388304084,10.209723084138854,41.5999495280134,0,0.0,10.209723084138854,17.323111830353618,0.0,0.0,21.893029239595567,0.0,6.851892117295679,46.487151200337465,30.473046544619407,1.4118420783282,0.0,0,58.12,90.4458754760226,4.794537184071822,0.0,5.309813353288376,4.899909730850478,0.0,0,0,0,9.967957041894415,19.23170330854106,112.41565243921644,0.0,20.970520597127734,-0.069432634164777,-2.862946900982614,-3.230156368102796,-5.802795033908625,-7.876048660976739,-3.211460104875284,0.0,0.266666666666666,20,1,5,1,1,2,0,2,2,4,1,5,2,1,0,1,4,2.65122,76.32520000000002,0,0,0,0,0,2,0,0,0,0,1,1,0,0,0,3,1,0,0,0,0,0,0,0,0,0,0,1,0,3,0,0,0,0,0,0,2,0,0,0,0,0,0,0,0,0,0,0,0,0,0,0,0,0,0,0,0,0,0,0,0,0,0,0,0,0,0,0,0,0,0,0,0,2,0,0,0,0,0,0,0,0,0,0,0,-0.05,0.0196,0.0463,0.0257,17.0604,0.4305,-0.001,1.049,3.049,0.0,2.909,8.867,0.0143,21.7625,0.0019,0.012400000000000001,0.019,0.031,0.025,-0.012,0.0027,0.0044,0.0035,1.6296,0.6136,-0.0002,-0.012400000000000001,0.0216,0.0352,0.0284,29.244,2.481,0.0,0.0,0.0,0.014,0.0,-0.434,-0.0196,0.0463,-0.018500000000000003,0.03,0.3134,-0.041,0.785,0.0,0.0,0.86,1.6560000000000001,0.0,13.8083,0.0019,0.012400000000000001,-0.019,-0.018000000000000002,-0.018000000000000002,-0.052000000000000005,-0.0027,-0.0026000000000000003,-0.0026000000000000003,-3.0,-0.33330000000000004,-0.0007,-0.053500000000000006,-0.0216,-0.0204,-0.0204,1.118,1.8439999999999999,0.0,0.0,0.0,0.0,0.0,0.274,0.1163,0.0463,0.0947,40.0285,0.7337,0.0,1.728,4.911,0.0,3.827,8.903,0.043500000000000004,35.9081,1.9996,15.6188,0.113,0.075,0.092,0.041,0.016,0.0106,0.0131,3.7143,8.5714,0.0006000000000000001,0.0422,0.12840000000000001,0.0852,0.10450000000000001,29.478,2.976,0.0,0.0,0.006,0.038,0.0
Omeprazole,3.1287,-10.1636,-7.0349,7.3557,0.0982,3.8019,0,505.5592,-14.4298,-2.8743,-8.5992,239.8503,0.2482,7.2574,0.1378,3.7269,0.9572,1.1817,11.1078,5.706,77.4746,-70.319,23683.494,592184.7366,384.8395,402.1815,-3.7269,1.0092,8.4631,0.5136000000000001,-5.5413,0.7636000000000001,0.859,8.3129,1.0273,-7.4539,4.6799,0.0123,1.3787,1.1582,-11.9609,-0.2727,0.6782,2.7449,2,0,13.641692019400349,13.641692019400349,0.077454569790879,-3.6051313303099,0.769239036567064,26.58333333333333,345.4239999999997,326.2720000000001,345.11471246800045,126,0,0.197303118021662,-0.496683562342976,0.496683562342976,0.197303118021662,1.416666666666666,2.333333333333333,3.125,3.127249513649506,2.398553212063243,1620.2348890879036,33.41133089340096,30.47463394835533,12.291130529283054,19.108732010820063,15.430265920058089,7.13288223881919,4.133771422179344,5.240501417646651,2.695317925468695,3.588282067121582,1.645567898100647,2.408566537153889,-2.41,374722810.5720307,5.046032640242357,6.604258967706701,2.98924702671277,168.99716961020292,14.45072917782935,11.49902366656781,6.568278560148908,0.0,0.0,0.0,9.192877013111676,4.983978520947208,0.0,0.0,0.0,25.78862164991795,34.308285351233806,61.01534583760285,39.768120489156736,21.83297047813683,0.0,14.94496031212367,0.0,24.565177601562223,14.075904917765175,41.1209823120471,0,11.49902366656781,9.473725907600098,0.0,11.49902366656781,0.0,33.22976372205331,16.504525928054466,13.70378423459136,41.49448498930643,29.45658781562535,1.4118420783282,11.033401435232523,0,77.1,113.09405897607913,4.208898492164469,0.0,4.977003270229252,0.0,0.0,0,0,0,19.441682949494517,26.085496089392155,171.1514402630824,0.0,7.21303843769933,-1.115329821743512,-9.173392456474684,-2.393240800831404,-2.844384027730264,-1.33824603870433,-6.970879661795847,-10.05678367127951,0.294117647058823,24,1,6,0,0,0,1,2,3,5,1,7,9,0,0,0,3,2.89974,93.02110000000005,0,0,0,0,0,3,1,0,0,0,0,0,0,0,0,2,1,0,0,0,0,1,0,0,0,0,0,0,0,0,0,0,0,0,1,0,1,0,0,0,0,2,0,0,0,0,0,1,0,0,0,0,0,0,0,2,0,0,0,0,0,0,0,0,0,0,0,0,0,0,0,0,0,1,0,0,0,0,0,0,0,0,0,0,0,-0.07440000000000001,0.0245,0.0335,0.021,7.8745,0.256,-0.0002,1.0384,3.1162,0.0,2.9102,8.9594,0.0162,30.2954,0.7745000000000001,5.6643,0.0256,0.018500000000000003,0.0219,0.0071,0.0035,0.0026000000000000003,0.003,0.7222000000000001,1.3889,0.0001,0.0068000000000000005,0.0302,0.0219,0.025900000000000003,29.8533,2.6032,0.0,0.0,0.0,0.0162,0.0,-0.4863,-0.016,0.0335,-0.0172,2.4435000000000002,0.256,-0.038,0.7661,0.0,0.0,0.8598,1.6785,0.0,13.0713,0.0027,0.0176,-0.0167,-0.021400000000000002,-0.018000000000000002,-0.0437,-0.0023,-0.003,-0.0025,-1.2408000000000001,-0.4762,-0.0005,-0.041800000000000004,-0.019700000000000002,-0.0253,-0.0213,1.1478,1.7667000000000002,0.0,0.0,0.0,0.0,0.0,0.4179,0.1771,0.0335,0.1544,35.2925,0.7572,0.0,1.8740999999999999,4.7979,0.4297,3.7986,18.8309,0.0345,33.0459,1.9989,15.3811,0.18510000000000001,0.1375,0.16140000000000002,0.0476,0.025500000000000002,0.0189,0.0222,4.335,6.2098,0.0006000000000000001,0.0456,0.2187,0.1625,0.1908,125.1798,2.8992,0.0,0.0,0.0044,0.03,0.007200000000000001
Palbociclib,1.6074000000000002,-9.5085,-7.9011,6.5567,1.007,7.7649,0,703.589,-17.2317,-3.4739,-8.7052,315.2652,0.6387,5.5497,0.1802,3.7819,1.2886,1.0385,9.7342,6.8931,54.1775,-94.8832,42299.0126,981966.6872,521.3753,539.8397,-3.7819,2.0663,9.63,0.6815,-5.1693,0.9315,0.2816,7.8453,1.3629,-7.5637,4.5318000000000005,0.0265,1.0664,1.4035,-11.6701,-2.7659,0.6782,6.6203,2,0,14.474702170022857,14.474702170022857,0.290016849332326,-4.398395028221626,0.575410887441827,44.36363636363637,447.5429999999997,418.31100000000026,447.2382731680008,172,0,0.263110189260248,-0.367740192380875,0.367740192380875,0.263110189260248,1.333333333333333,2.151515151515151,2.909090909090909,3.150670369746182,1.943379117661609,2423.015306773677,48.43627491978329,44.94699174942743,15.946991749427434,27.33901783846388,23.130384245463443,8.735957054463528,6.054361681515148,6.054361681515148,4.12627411733676,4.12627411733676,2.741193937143875,2.741193937143875,-3.33,1672056230716.4895,6.209455839522911,8.897288872412561,4.083227162146443,232.66922834022856,15.51953643742723,12.876882076930956,7.19508702469314,5.948339280986494,5.559266895052008,0.0,14.156174015934996,9.967957041894415,4.983978520947208,0.0,12.74584980265876,44.0979229442737,68.23810464195697,29.76055998272729,44.62870235732419,34.270234715102546,0.0,24.828848563921355,0.0,45.21337630825852,36.19716182140263,45.91133489947393,0,0.0,21.07880333247924,17.453588333505085,0.0,0.0,51.289718894261696,0.0,6.851892117295679,91.29340537502452,29.225165021027934,2.823684156656401,11.033401435232523,0,105.04,161.36467020795723,9.589074368143644,0.0,5.309813353288376,0.0,0.0,0,0,0,14.951935562841626,39.83416517325235,239.93838374203585,0.0,38.2577968510339,-2.4030790113464957,-9.0521258071742,-5.116750091174697,-7.327549307039418,-19.882642633173678,-22.99736707649462,0.0,0.458333333333333,33,2,9,1,1,2,0,3,3,9,2,9,7,1,1,2,5,2.965820000000001,128.64690000000007,0,0,0,0,0,4,0,0,0,0,1,1,0,0,0,5,2,0,0,0,0,0,0,0,0,0,0,0,0,3,1,0,0,0,0,0,1,0,0,0,0,0,0,0,0,0,0,0,0,0,0,1,1,0,0,0,0,0,0,0,0,0,0,0,0,0,0,0,0,0,1,0,0,2,0,0,0,0,0,0,0,0,0,0,0,0.0335,0.007,0.007500000000000001,0.012700000000000001,13.9668,0.4747,-0.001,1.0125,2.8916,0.0,2.908,8.5596,0.021,25.8138,1.9919,7.9324,0.0054,0.0146,0.0098,-0.0092,0.001,0.0026000000000000003,0.0018000000000000002,2.6954000000000002,0.3753,-0.0002,-0.0118,0.0056,0.0152,0.0102,27.2486,2.5922,0.0,0.0,0.0,0.020900000000000002,0.0,-0.4388,-0.0245,0.007500000000000001,-0.0178,0.0,0.3406,-0.035500000000000004,0.7808,0.0,0.0,0.857,1.6112000000000002,0.0001,14.5284,0.001,0.0063,-0.019,-0.013300000000000001,-0.013800000000000002,-0.0548,-0.0034000000000000002,-0.0024000000000000002,-0.0025,0.0092,0.0951,-0.0014,-0.07060000000000001,-0.019700000000000002,-0.013800000000000002,-0.0143,1.058,1.8328,0.0,0.0,0.0,0.0,0.0,0.2647,0.08850000000000001,0.007500000000000001,0.0779,37.0228,0.7302000000000001,0.0,1.733,4.8823,0.0,3.8289,8.9396,0.053200000000000004,36.332,1.9991,15.16,0.0687,0.0703,0.060500000000000005,0.0425,0.012400000000000001,0.012700000000000001,0.0109,10.6745,15.0606,0.0011,0.054700000000000006,0.0714,0.073,0.06280000000000001,29.7042,3.0265,0.0,0.0,0.004,0.0533,0.0
Paracetamol,3.7521,-10.0855,-6.3333,7.9257,-1.1654,3.5523,0,331.5354,-13.4034,-5.2872,-8.2094,106.1757,0.0783,9.0911,0.11,3.3802,0.6284000000000001,1.4224,13.0775,3.2307,90.1972,-32.7834,4615.0857,108984.5857,207.0069,189.0167,-3.3802,0.2698,7.0301,0.3718,-5.6529,0.6218,1.7938,8.5541,0.7436,-6.7603,4.774,0.0064,1.7095,0.8387,-9.4729,0.6785,0.6782,4.8878,2,0,11.465040233686066,11.465040233686066,0.206872637944066,-3.157137542517008,0.595026196778084,21.63636363636364,151.16500000000008,142.093,151.063328528,58,0,0.29309209663784,-0.5079643157925781,0.5079643157925781,0.29309209663784,1.818181818181818,2.545454545454545,3.090909090909091,2.349314518764969,3.51451471975312,526.8541334654581,15.825908934703556,14.263710176427685,5.263710176427684,9.034798488049647,6.960923771927643,2.605461885963821,1.594686906265383,1.594686906265383,0.8022141162622031,0.8022141162622031,0.45187968107923,0.45187968107923,-1.509999999999999,13543.798200680048,2.000818851404337,3.0531381005525,2.292303972882069,77.45636677601388,10.418621544395588,5.749511833283905,1.4118420783282,5.9071797293515065,1.431199657232634,0.0,4.794537184071822,0.0,0.0,0.0,0.0,24.16967483065318,16.6515540604899,5.483034224680881,20.91049734669877,11.594566004035068,1.431199657232634,0.0,0.0,6.851892117295679,5.309813353288376,24.16967483065318,0,5.749511833283905,5.309813353288376,5.687386274683562,5.749511833283905,0.0,12.447187577691352,4.794537184071822,0.0,16.447202010487217,24.16967483065318,1.4118420783282,0.0,0,49.33,48.36564478526783,4.794537184071822,0.0,5.309813353288376,0.0,0.0,0,0,0,5.108808191107212,12.438351628752375,64.78879739858905,0.0,11.465040233686066,3.75225068499622,-0.8176620370370361,-2.350625472411185,-3.263996598639453,0.0,-3.157137542517008,0.0,0.125,11,2,3,0,0,0,1,0,1,2,2,3,3,0,0,0,1,1.3505999999999991,42.41050000000002,0,0,0,0,0,0,0,1,0,0,1,1,0,0,0,0,1,0,0,0,0,0,0,0,0,0,0,1,0,1,0,0,0,0,1,0,0,0,0,0,0,0,0,0,0,0,0,0,0,0,0,0,0,0,0,0,0,0,0,0,0,0,0,0,0,1,1,0,0,0,0,0,0,0,0,0,0,0,0,0,0,0,0,0,0,-0.058800000000000005,0.020800000000000003,0.033100000000000004,0.021,15.5027,0.4645,-0.001,1.034,3.0948,0.0,2.9187000000000003,8.8997,0.007200000000000001,21.9378,0.0006000000000000001,0.0044,0.033,0.034,0.0333,-0.001,0.0036000000000000003,0.0038,0.0036000000000000003,1.0457,0.9564,0.0,-0.0006000000000000001,0.046900000000000004,0.048400000000000006,0.047400000000000005,29.4551,2.47,0.0,0.0,0.0,0.007,0.0,-0.4143,-0.016300000000000002,0.033100000000000004,-0.0126,5.4134,0.2546,-0.037,0.6847000000000001,0.0,0.0,0.805,1.3357,0.0,12.2065,0.0001,0.0011,-0.026000000000000002,-0.014,-0.02,-0.055,-0.0029000000000000002,-0.0015,-0.0022,0.1948,0.4267,-0.0004,-0.0346,-0.037,-0.0199,-0.0284,0.7237,1.733,0.0,0.0,0.0,0.0,0.0,0.2993,0.0785,0.033100000000000004,0.07440000000000001,36.0386,0.5905,0.0,1.7229999999999999,4.9047,0.0,3.758,8.9153,0.0103,26.587,1.9999,15.1369,0.125,0.11130000000000001,0.1183,0.056,0.013800000000000002,0.0122,0.013000000000000001,2.3438,5.1333,0.0004,0.0352,0.1778,0.1583,0.1683,29.5595,2.6310000000000002,0.0,0.0,0.0,0.01,0.0
Quinine,2.4761,-9.7621,-7.286,7.0465,0.0548,4.9682,0,530.963,-8.7216,-3.0765,-8.5241,239.263,0.307,6.9918,0.143,3.5507,0.9016,1.2452,10.8024,5.5488,65.3365,-69.0442,24097.6928,561753.8904,394.2119,412.519,-3.5507,0.9298,8.0311,0.5079,-5.2986,0.7579,0.8468,7.9481,1.0157,-7.1013,4.6249,0.0135,1.2922,1.0883,-4.7788,-1.5445,0.6782,2.2738,2,0,9.41312712585034,9.41312712585034,0.7553975340136041,-4.449563991045099,0.877601618478394,63.91666666666666,324.4239999999996,300.232,324.1837780080007,126,0,0.211023015635961,-0.496742939607858,0.496742939607858,0.211023015635961,1.791666666666666,2.791666666666666,3.666666666666666,2.942945380861067,2.333505302166256,1755.594917430569,37.54952357383516,35.71092377192764,11.710923771927645,21.28446959358909,18.388654714909556,6.48040642444569,4.615147750704714,4.615147750704714,3.270894789364538,3.270894789364538,2.18776379971959,2.18776379971959,-1.909999999999999,3768152280.4334393,4.077207469279656,6.187607918654215,2.502406333999389,176.11938846535955,9.84567114490726,5.749511833283905,0.0,1.431199657232634,0.0,0.0,9.883888251797686,0.0,0.0,6.531038962001867,6.052071746035566,60.76375118005104,39.15221569581758,35.08377387749148,41.37311793682233,10.902924932081056,1.431199657232634,9.883888251797686,11.787915370726155,24.843760297958397,20.03167182751448,48.48913224120237,0,5.749511833283905,4.736862953800049,0.0,5.749511833283905,0.0,42.473460396001656,0.0,11.787915370726155,55.91676611322085,42.925680749505375,0.0,10.902924932081056,0,45.59,126.7048262336168,2.74151711234044,0.0,0.0,0.0,0.0,0,0,0,14.82964966585447,30.21712933680725,206.61099735469065,0.0,2.837886797721078,3.317665409528007,-2.503357499399617,-9.778431382513729,-11.256080456216347,-14.108871377898932,-10.127330398236303,-3.409145114341481,0.45,24,1,4,0,3,3,1,1,2,4,1,4,6,0,3,3,5,3.1732000000000022,95.02680000000004,0,1,0,0,0,1,0,0,0,0,0,0,0,0,0,2,0,0,0,0,0,0,0,0,0,0,0,0,0,0,0,0,0,0,1,0,4,0,0,0,0,1,0,0,0,0,0,0,0,0,0,0,0,0,0,1,0,0,0,0,0,0,0,0,0,0,0,0,0,3,0,0,0,1,0,0,0,0,0,0,0,0,0,0,0,-0.0767,0.029900000000000003,0.0315,0.0212,4.866,0.7249,-0.0,1.041,3.126,0.0,2.9144,8.9694,0.0238,30.2396,0.002,0.0135,0.033100000000000004,0.014,0.0235,0.019100000000000002,0.0047,0.002,0.0034000000000000002,0.4164,2.4303,0.00030000000000000003,0.0173,0.0412,0.017400000000000002,0.029300000000000003,29.9194,2.6515,0.0,0.0,0.0,0.0238,0.0,-0.44670000000000004,-0.015600000000000001,0.0315,-0.0146,0.0,0.2707,-0.041,0.6814,0.0,0.0,0.8045,1.3254000000000001,0.0001,9.573,0.0006000000000000001,0.0038,-0.0173,-0.0152,-0.0162,-0.078,-0.0025,-0.0021000000000000003,-0.0023,-3.5017,-1.0941,-0.0011,-0.0703,-0.021500000000000002,-0.0189,-0.0201,0.712,1.7782,0.0,0.0,0.0,0.0,0.0,0.303,0.0825,0.0315,0.0883,26.7994,0.7553000000000001,0.0,1.6966999999999999,4.8743,0.0,3.8661000000000003,9.0321,0.0711,33.5445,1.9982000000000002,15.2207,0.0915,0.1046,0.098,0.047400000000000005,0.0131,0.015,0.014,10.3208,4.8133,0.0006000000000000001,0.042800000000000005,0.114,0.1303,0.122,30.3775,2.9468,0.0,0.0,0.009000000000000001,0.0623,0.0
Ribavirin,3.5894,-10.9897,-7.4004,8.4915,-0.4875,5.1967,0,403.1941,-23.9266,-10.9136,-9.1951,139.3487,0.1065,8.979,0.1114,4.002,0.892,1.1508,12.8607,3.2105,91.3172,-55.2908,8911.6528,198303.1866,270.8028,263.2069,-4.002,0.6884,8.6923,0.4457,-6.2467,0.6957,1.3796,9.3835,0.8914000000000001,-8.0039,4.0337,0.0056,1.7592,1.1521,-15.122,1.4308,0.6782,0.2016,2,0,11.65510995988539,11.65510995988539,0.079465230536658,-3.728677012471657,0.442842031674371,60.70588235294117,244.2070000000001,232.111,244.080769484,94,0,0.287878179792957,-0.393566843100328,0.393566843100328,0.287878179792957,1.88235294117647,2.764705882352941,3.470588235294117,3.117435134150075,2.7957268182195323,811.2535629008161,22.62939203306742,19.83009583431915,7.830095834319148,13.120156669734785,9.63555772028297,4.016385657891464,2.749015305244651,2.749015305244651,1.727136372191195,1.727136372191195,1.011793315086669,1.011793315086669,-1.55,1208539.195891094,3.985654387032409,4.372750406697864,2.001770596633754,112.67553541427829,25.78300450284796,25.91418435098641,9.027636966592956,10.118003469697827,5.9071797293515065,0.0,4.794537184071822,9.665781456092391,0.0,5.098681808301038,0.0,0.0,0.0,14.783536579937609,37.27681876104145,5.9071797293515065,4.293598971697903,14.76446326439343,5.719716975726273,24.44400689078652,6.558985242916289,12.127776211966154,0,0.0,5.719716975726273,0.0,0.0,0.0,65.09070586253073,4.736862953800049,0.0,26.41820438519984,6.303371713966227,2.823684156656401,0.0,0,143.72,54.75766505074674,4.794537184071822,0.0,4.6818029351451855,0.0,0.0,0,0,0,25.409084902569884,21.44945597534589,94.95356432852196,0.0,14.895273807831977,14.9524928192632,-0.482921222896872,-2.537762804967665,0.0,-15.867956113000758,-3.662690814751827,0.0,0.625,17,5,9,0,1,1,0,1,1,8,4,9,6,0,1,1,2,-3.011499999999999,51.54930000000002,0,3,0,0,0,3,0,0,0,0,1,1,0,0,0,3,0,1,0,0,0,0,0,0,0,0,0,1,0,0,0,0,0,0,0,0,0,0,0,0,0,1,0,0,0,0,0,0,0,0,0,0,0,0,0,0,0,0,0,0,0,0,0,0,0,0,0,0,0,0,0,1,0,0,0,0,0,0,0,0,0,0,0,0,0,0.098,0.023200000000000002,0.0201,0.014100000000000001,20.3355,0.6529,-0.001,0.96,2.8559,0.0,3.1439,8.2767,0.006200000000000001,21.8692,0.0219,0.14930000000000002,0.026000000000000002,0.005,0.015700000000000002,0.0211,0.0029000000000000002,0.0006000000000000001,0.0018000000000000002,0.20370000000000002,4.9901,0.0001,0.0188,0.03,0.0057,0.0181,25.5902,2.509,0.0,0.0,0.0,0.006,0.0,-0.44730000000000003,-0.0152,0.0201,-0.0091,0.2137,0.2958,-0.040600000000000004,0.6516000000000001,0.0,0.0,0.804,1.2691,0.0,12.5691,0.0017000000000000001,0.0114,-0.017,-0.0091,-0.0102,-0.0848,-0.0019,-0.001,-0.0011,-4.33,-1.0884,-0.0005,-0.0757,-0.0194,-0.0105,-0.0117,0.6521,1.7412,0.0,0.0,0.0,0.0,0.0,0.3244,0.1401,0.0201,0.1198,40.6749,0.6644,0.0,1.7269999999999999,4.9366,0.0,3.7743,8.2767,0.0204,30.3761,1.9996,15.4494,0.15710000000000002,0.12610000000000002,0.1343,0.13970000000000002,0.0175,0.014,0.0149,20.0576,9.267900000000001,0.0008,0.1246,0.18080000000000002,0.1451,0.1545,28.0929,2.6349,0.0,0.0,0.001,0.0201,0.0
Risperidone,1.8972,-9.3856,-7.4884,6.9813,0.6294000000000001,5.4523,0,649.9061,-15.2304,-2.6167,-8.437,282.3925,0.3521,6.3519,0.1575,3.8053,1.1402,1.0921,10.5443,6.7205,73.1872,-87.6461,34382.1912,798034.1706,482.8858,498.3006,-3.8053,1.5494,9.16,0.5992000000000001,-5.3933,0.8492000000000001,0.5108,8.1214,1.1985,-7.6106,4.8271,0.0189,1.1783,1.2943,-11.9583,-1.3336,0.6782,3.3268,2,0,14.509430188727372,14.509430188727372,0.627233723271123,-4.815487518041859,0.6577452185749301,47.16666666666666,410.49299999999965,383.27700000000016,410.2118043240008,158,0,0.256480373549741,-0.355890958706731,0.355890958706731,0.256480373549741,1.4,2.266666666666666,3.1,3.48172186094806,1.8775622397916472,2247.335286432548,44.62687384302478,41.48331543593679,14.483315435936786,24.995812251228752,21.542265892553345,8.042265892553345,5.631490912854904,5.631490912854904,3.815300408690914,3.815300408690914,2.471584920073936,2.471584920073936,-2.54,208767541634.37823,5.625518931629699,7.945993904374621,3.554833815619076,212.1735005999823,9.423004667823824,11.641625339045822,5.583020141642242,0.0,5.559266895052007,0.0,9.361636831863176,9.374393568622027,0.0,0.0,5.156663257125445,63.79507340790105,80.84482971208315,9.80620366335912,45.92399100124413,10.969244356107035,0.0,19.60765115671449,0.0,57.48025889495097,19.49057905294784,57.07399302255345,0,0.0,5.559266895052007,4.39041504767482,0.0,0.0,39.09823020966232,19.242709486974704,12.669112958341575,91.17185028667032,27.444888244035056,0.0,10.969244356107035,0,64.16,149.6865475211293,9.184952231746642,0.0,0.0,0.0,0.0,0,0,0,10.140641778072654,41.5335759535693,246.9903030685113,0.0,16.43821640539898,2.110759430134671,-9.237764011579728,-7.6888119073420444,-4.034324274712061,-25.615058906739048,-22.129986470338835,0.0,0.521739130434782,30,0,6,0,2,2,1,2,3,6,0,7,5,0,1,1,5,3.590420000000002,112.25800000000004,0,0,0,0,0,3,0,0,0,0,0,0,0,0,0,4,0,0,0,0,1,0,0,0,0,0,0,0,0,0,2,0,0,0,1,0,2,0,0,0,0,0,0,0,1,0,0,0,0,0,0,0,0,0,0,0,0,0,0,0,0,0,0,0,0,0,0,0,0,1,0,0,0,0,0,0,0,0,0,0,0,0,0,0,0,-0.0722,0.0403,0.027100000000000003,0.028300000000000002,15.6502,0.3015,-0.001,1.0366,3.1221,0.0,2.9053,8.9505,0.017400000000000002,22.2481,1.9997,15.3046,0.0354,0.0148,0.024800000000000003,0.0205,0.0056,0.0023,0.0039000000000000003,0.4173,2.5426,0.0004,0.0234,0.0386,0.0162,0.027100000000000003,29.7964,2.4962,0.0,0.0,0.0,0.017400000000000002,0.0,-0.4651,-0.013600000000000001,0.027100000000000003,-0.0161,0.0703,0.3015,-0.039,0.9543,0.0,0.0,0.7879,2.2207,0.0001,13.7638,0.0005,0.0031000000000000003,-0.0119,-0.0218,-0.014100000000000001,-0.1178,-0.0019,-0.0034000000000000002,-0.0022,-1.7031,-1.3538000000000001,-0.0022,-0.1343,-0.013000000000000001,-0.0239,-0.0154,2.0168,1.8593000000000002,0.0,0.0,0.0,0.0,0.0,0.2571,0.09,0.027100000000000003,0.0747,46.1914,0.6888000000000001,0.0,1.8321,5.4582,0.0,3.8613,8.9505,0.066,32.5553,1.9998,15.3046,0.0789,0.1245,0.0656,0.0511,0.012400000000000001,0.0196,0.0103,5.1906,13.511800000000001,0.001,0.0582,0.08610000000000001,0.1361,0.0717,29.7964,2.7982,0.0,0.0,0.0063,0.0597,0.0
Ritonavir,2.8937,-10.2374,-7.3437,6.933,0.5554,6.8051,0,931.259,-22.0313,-3.7296,-8.7906,512.6117,0.3356,6.3776,0.1569,3.7441,1.1013,1.1192,9.6351,7.3415,82.8641,-148.2053,109810.198,2701456.815,786.0791,875.582,-3.7441,1.4584,8.9468,0.5879,-5.3386,0.8379000000000001,0.546,8.0344,1.1756,-7.4883,4.7441,0.0184,1.4568,1.2945,-17.77,-1.21,0.6782,2.846,2,0,15.94006362897536,15.94006362897536,0.136973756827377,-6.187474980888869,0.106240465859103,33.2,720.962000000002,672.5780000000002,720.3127606360014,268,0,0.407314108437097,-0.443765203623454,0.443765203623454,0.407314108437097,1.04,1.78,2.42,0.806462415491614,2.438886005312674,3701.0531653249113,77.67639741685993,72.04101960624679,25.67401276810224,43.23352977169368,36.19801890003277,14.081122984924493,8.056093760031436,9.645987003093136,4.659499752410454,6.004990151560716,2.726969707058549,3.607793289587747,-4.33,1.23067239954415e+26,9.751680849499463,19.1655561431468,12.21811936765673,369.7577980797008,30.675020935622864,12.576877711265931,4.235526234984602,7.3383793865841405,0.0,12.124354583276489,9.77851570501903,14.573052889090851,0.0,22.673571755869474,87.83175554581567,36.13963537274521,61.94413346639246,68.44598965741183,88.77818540359699,40.70510606849747,1.431199657232634,30.79730683261002,5.893957685363079,89.6098412177651,6.975826900282246,104.1453894787309,0,0.0,15.929440059865126,9.589074368143644,0.0,22.673571755869474,70.5489312659939,35.33309486776286,5.893957685363079,126.6934293961612,77.43978760993437,4.235526234984602,0.0,0,145.78000000000003,256.82268526341977,19.913964824102223,9.589074368143644,11.336785877934735,0.0,0.0,0,0,0,19.81362818680168,50.86067472367655,417.8594004311449,-0.6558581845389071,49.1580273571889,-4.929316185611501,-7.570911555517478,-13.717779586028694,-39.8672863106242,-27.366565128261342,-32.243044171084904,0.0,0.432432432432432,50,4,11,0,0,0,2,2,4,9,4,13,23,0,0,0,4,5.905200000000008,196.89689999999945,0,1,0,0,0,2,0,0,0,0,3,3,0,0,0,3,3,0,0,0,0,0,0,0,1,0,0,4,0,0,0,0,0,0,2,0,0,0,0,0,0,1,0,0,0,0,0,0,0,0,0,0,0,0,0,0,0,0,0,0,0,0,0,0,0,0,0,0,0,0,0,0,0,0,0,0,0,0,0,0,2,0,0,0,1,-0.0337,0.0092,0.020900000000000002,0.0155,15.9689,0.43260000000000004,-0.001,1.0482,3.0047,0.0,2.92,8.807,0.006200000000000001,23.3932,0.0011,0.007500000000000001,0.0086,0.0198,0.0142,-0.0112,0.0013000000000000002,0.0031000000000000003,0.0022,2.9918,0.425,-0.0002,-0.0125,0.0097,0.0222,0.016,28.8427,2.4811,0.0,0.0,0.0,0.006,0.0,-0.5238,-0.0085,0.020900000000000002,-0.010400000000000001,0.0,0.33030000000000004,-0.039,0.6414000000000001,0.0,0.0,0.804,1.2748,0.0,14.6663,0.0009000000000000001,0.0059,-0.0077,-0.012,-0.009300000000000001,-0.037700000000000004,-0.0012000000000000001,-0.0019,-0.0015,-4.8767,-8.8038,-0.0007,-0.0422,-0.008700000000000001,-0.013300000000000001,-0.010400000000000001,0.6588,1.8215,0.0,0.0,0.0,0.0,0.0,0.4053,0.15410000000000001,0.020900000000000002,0.10300000000000001,31.6329,0.7923,0.0,1.9177,4.9052,0.031900000000000005,3.8703000000000003,20.1259,0.024900000000000002,43.2086,1.9996,15.1574,0.1391,0.0585,0.0925,0.10010000000000001,0.0219,0.0092,0.0145,19.6304,10.1518,0.0019,0.1106,0.1552,0.0654,0.1029,142.9919,2.7966,268.1897,247.7105,0.002,0.0247,0.0064
Salicin,4.3152,-10.8805,-6.5652,8.1292,-1.2634,4.5584,0,466.7843,-19.8108,-13.0166,-8.7228,177.34,0.0575,9.3926,0.1064,3.4329,0.6275000000000001,1.4054,12.0014,2.6744,103.8239,-65.4777,14034.1763,316503.9072,332.9273,332.9214,-3.4329,0.251,7.1168,0.3655,-5.781,0.6155,1.8909,8.7566,0.731,-6.8658,3.905,0.0047,2.0587,0.9172,-9.768,2.2956,0.6782,3.4708,2,0,8.556324640967498,8.556324640967498,1.109596922638047,-4.236764928193502,0.44999340434058,66.4,286.27999999999963,268.136,286.1052529160005,112,0,0.228738427967977,-0.461604636258486,0.461604636258486,0.228738427967977,1.25,2.1,2.85,2.87010787002789,3.066437235381182,1073.814682362177,29.91384908344359,27.35773803324704,9.357738033247042,17.120285532496105,13.3783587594067,4.837117307087384,3.216326495188786,3.216326495188786,2.041454059492991,2.041454059492991,1.16082588123382,1.16082588123382,-1.22,47779848.106041655,4.159443161083322,6.487108874054654,2.927399855562322,140.9012462803946,35.01776686313616,31.440342497254075,0.0,13.422076654700067,0.0,0.0,0.0,0.0,0.0,0.0,18.127256122989884,6.042418707663295,5.563451491696996,29.56707315987521,52.83762809334906,0.0,7.155998286163171,0.0,0.0,37.14513571925313,6.558985242916289,29.733126322350174,0,5.749511833283905,4.736862953800049,0.0,5.749511833283905,0.0,69.84517496095239,11.29584819671634,0.0,23.383312721909853,24.16967483065318,0.0,0.0,0,119.61,79.1867591178035,0.0,0.0,0.0,0.0,0.0,0,0,0,25.54404095553606,34.44958542397613,150.03833165614347,0.0,0.0,19.445188195233964,-1.36276654488956,-1.510897108843538,-4.888935809427331,-20.98978417370036,-7.481136214516674,0.0,0.538461538461538,20,5,7,0,1,1,1,0,1,7,5,7,9,0,1,1,2,-1.6424,66.76000000000003,0,5,0,0,0,0,0,0,0,0,0,0,0,0,0,0,0,0,0,0,0,0,0,0,0,0,0,0,0,0,0,0,0,0,1,0,0,0,0,0,0,2,0,0,0,0,0,0,0,0,0,0,0,0,0,0,0,0,0,0,0,0,0,0,1,0,0,0,0,0,0,0,0,0,0,0,0,0,0,0,0,0,0,0,0,-0.0373,0.027200000000000002,0.01,0.0251,16.4852,0.426,-0.001,1.0354,3.0409,0.0,2.9179,8.8202,0.0061,22.0782,0.0037,0.024300000000000002,0.0434,0.037200000000000004,0.039900000000000005,0.006200000000000001,0.0046,0.004,0.0043,0.8712000000000001,1.1811,0.0,0.0039000000000000003,0.0609,0.0523,0.056100000000000004,28.9306,2.4721,0.0,0.0,0.0,0.006,0.0,-0.45740000000000003,-0.010100000000000001,0.01,-0.0083,0.0,0.31720000000000004,-0.039,0.6332,0.0,0.0,0.8041,1.2589000000000001,0.0,13.8069,0.0034000000000000002,0.0229,-0.0161,-0.0105,-0.013300000000000001,-0.0753,-0.0017000000000000001,-0.0011,-0.0014,-12.8838,-0.43770000000000003,-0.0004,-0.0472,-0.022600000000000002,-0.014700000000000001,-0.0187,0.6424000000000001,1.7307000000000001,0.0,0.0,0.0,0.0,0.0,0.328,0.0601,0.01,0.044500000000000005,36.5941,0.6793,0.0,1.7027,4.8907,0.0,3.7547,8.8934,0.0076,36.6463,1.9986000000000002,15.125,0.09580000000000001,0.08370000000000001,0.0709,0.061900000000000004,0.0102,0.0089,0.0076,9.4579,3.6537,0.00030000000000000003,0.0388,0.13470000000000001,0.11760000000000001,0.09970000000000001,29.4143,2.6352,0.0,0.0,0.0008,0.0078000000000000005,0.0
Tetracycline,1.7267,-9.9081,-8.1814,7.2394,1.3554,3.1379,0,593.3639,-24.7007,-14.8411,-9.0448,283.3346,0.6618,5.8841,0.1699,4.2974,1.5693,0.8842000000000001,10.7226,7.1591000000000005,55.7953,-97.79,34860.0477,817723.4238,443.5437,480.8577,-4.2974,2.7154,11.3102,0.7303000000000001,-5.7684,0.9803,0.214,8.8088,1.4607,-8.5948,4.6435,0.0228,1.1398,1.6715,-13.604,3.0663,0.6782,0.7986000000000001,2,0,14.712938712522035,14.712938712522035,1.047268862351471,-5.13072479686319,0.336110461630524,54.28125,444.43999999999977,420.2480000000002,444.1532657280006,170,0,0.293129433149892,-0.50965062004994,0.50965062004994,0.293129433149892,1.375,2.25,2.875,3.055135002692496,2.6279647394179197,1966.1819260792397,43.69578794377713,39.160413514710825,15.160413514710822,25.22892212211972,19.7130889961746,8.27742035285537,6.74716272063888,6.74716272063888,5.060961191353068,5.060961191353068,3.640294084188306,3.640294084188306,-3.210000000000001,151711060082.93582,7.143417536590318,6.644026762190543,2.47848404404513,216.69799341235432,31.263757931262333,22.840946106665523,14.20797991400503,8.645644260830208,10.200778701049408,0.0,19.28352128306594,0.0,0.0,0.0,12.08483741532659,38.78234101854984,35.18088113100829,22.66542899571121,66.0542321193017,17.473669622081385,7.155998286163171,4.899909730850478,17.507632346452432,30.44481110894208,13.951653800564491,51.91869790983476,0,5.749511833283905,5.719716975726273,0.0,5.749511833283905,0.0,77.78181636006367,15.190125179127332,11.787915370726155,52.44915264098466,40.791794926440765,2.823684156656401,2.862399314465268,0,181.62,141.94588635200952,21.237404333066564,0.0,0.0,0.0,0.0,0,0,0,25.54404095553606,26.42878511686221,201.32324393024388,0.0,41.58102907535467,21.932205697157443,-18.09164935223363,-23.382035304754236,-9.42340015864752,-5.107540627362057,-13.415186593091992,0.0,0.409090909090909,32,7,10,3,0,3,1,0,1,9,6,10,10,0,0,0,4,-0.214399999999999,109.54090000000004,0,4,2,0,0,0,0,1,0,0,3,3,0,0,0,1,0,1,0,1,0,0,0,0,0,0,0,1,0,0,0,0,0,0,1,0,3,0,0,0,0,0,0,0,0,0,0,0,0,0,0,2,2,0,0,0,0,0,0,0,0,0,0,0,0,1,1,0,0,0,0,1,0,0,0,0,0,0,0,0,0,0,0,0,0,-0.058300000000000005,0.0241,0.022500000000000003,0.027700000000000002,15.5504,0.5789000000000001,-0.001,1.0477,3.053,0.0,2.916,8.8993,0.015600000000000001,23.3212,0.0095,0.0629,0.015300000000000001,0.021,0.0177,-0.0057,0.0026000000000000003,0.0035,0.003,1.384,0.7304,-0.0002,-0.0089,0.0135,0.018600000000000002,0.015600000000000001,29.4536,2.4859999999999998,0.0,0.0,0.0,0.015700000000000002,0.0,-0.4773,-0.0173,0.022500000000000003,-0.0298,0.0,0.2979,-0.043000000000000003,0.608,0.0,0.0,0.8,1.149,0.0001,0.0,0.0012000000000000001,0.0078000000000000005,-0.011,-0.028,-0.019,-0.0893,-0.0019,-0.0048000000000000004,-0.0032,-0.4636,-2.2219,-0.002,-0.14020000000000002,-0.0098,-0.0247,-0.016800000000000002,0.535,1.7873999999999999,0.0,0.0,0.0,0.0,0.0,0.374,0.1135,0.022500000000000003,0.0889,35.125,0.7968000000000001,0.0,1.737,4.8943,0.0,3.8637,9.152,0.0775,48.2981,1.9981,15.1775,0.0723,0.1017,0.0567,0.037700000000000004,0.0123,0.0173,0.009600000000000001,14.1445,19.5798,0.0009000000000000001,0.0591,0.064,0.08990000000000001,0.050100000000000006,31.1343,2.9593,0.0,0.0,0.007,0.0703,0.0
Vardenafil,1.2741,-9.3637,-8.0896,6.7844,1.0481,10.6681,0,707.2118,-32.439,-3.718,-8.7266,335.8112,0.579,5.7362,0.1744,3.9163,1.3371,1.0019,10.2981,6.4004,55.7097,-102.6773,48321.0015,1144107.8413,552.723,580.9771,-3.9163,2.1491,9.9817,0.6828000000000001,-5.3503,0.9328,0.2889,8.1215,1.3656,-7.8325,4.4329,0.0235,1.0424,1.4473,-28.983,-0.4162,0.6782,0.3353,2,0,14.75131474341268,14.75131474341268,0.289269136618507,-6.858670562909377,0.516411487478747,38.70588235294117,488.6139999999997,456.3580000000003,488.22057450400087,184,0,0.29903363710085,-0.493111618301978,0.493111618301978,0.29903363710085,1.2647058823529411,2.117647058823529,2.852941176470588,3.495014707590487,2.347328655879065,2611.3568348026924,52.28157438140403,48.22452302531906,17.04101960624679,28.71295573354737,24.412899268595822,9.9057490018965,5.811233503267275,7.534762845057566,3.902150768645966,5.285473201716374,2.516266644308142,3.431895648161628,-2.76,4795742137907.127,6.510793950850664,9.847325219794987,4.468392132046619,244.1801526512284,9.636772684650529,11.573916331283831,12.75294729394439,10.023291153407584,5.559266895052008,0.0,9.886243741654903,17.91717339889177,9.289194512243444,0.0,13.70378423459136,44.70082494322656,68.00008609901894,29.56564098583062,57.06001725773406,15.539991871023846,0.0,28.78018721523983,0.0,45.048901747359245,39.04328366449601,39.9993926949621,0,17.137367822980828,10.296129848852058,0.0,5.749511833283905,0.0,76.24126786406478,16.396216054736964,6.851892117295679,80.94044898734164,27.81727678257948,1.4118420783282,16.904556707313183,0,112.9,166.2712328964801,13.212334168400758,0.0,4.515397893615623,0.0,0.0,0,0,0,9.967957041894415,48.6422202734051,292.9589872930369,0.0,17.161420876053484,-0.557727150853087,-6.906835582747382,-5.47276895591387,-6.190738134779215,-8.269899549097914,-43.11376823278965,-6.858670562909377,0.521739130434782,34,1,10,0,1,1,1,2,3,8,1,11,12,0,1,1,4,2.07042,129.81750000000005,0,0,0,0,0,4,1,0,0,0,0,0,0,0,0,5,1,0,0,1,0,1,0,0,0,0,0,0,0,0,2,0,0,0,1,0,1,0,0,0,0,1,0,0,0,0,0,1,0,0,0,0,0,0,0,0,0,0,0,0,0,0,0,0,0,0,0,0,0,0,1,0,0,0,0,0,1,0,0,0,0,0,0,0,0,-0.0606,0.0241,0.0152,0.017,11.388,0.6499,-0.001,1.0448,3.0661,0.0,2.9187000000000003,8.907,0.0129,26.9758,0.004,0.0268,0.018000000000000002,0.0074,0.012700000000000001,0.0106,0.0032,0.0013000000000000002,0.0022,0.4073,2.4928,0.0002,0.0142,0.0181,0.007500000000000001,0.012700000000000001,29.5035,2.5379,0.0,0.0,0.0,0.0129,0.0,-0.5578000000000001,-0.017400000000000002,0.0152,-0.0148,0.095,0.29150000000000004,-0.0363,0.7575000000000001,0.0,0.0,0.859,1.595,0.0,14.108,0.002,0.0132,-0.013000000000000001,-0.019700000000000002,-0.011,-0.10590000000000001,-0.0023,-0.0034000000000000002,-0.0019,-0.4582,-9.1925,-0.0025,-0.1416,-0.013000000000000001,-0.019700000000000002,-0.0111,1.0365,1.8106,0.0,0.0,0.0,0.0,0.0,1.0778,0.124,0.0152,0.0921,34.2468,0.7305,0.0,1.7269999999999999,4.8745,0.9849,3.8346,17.2006,0.07100000000000001,35.7664,1.9992,15.1539,0.0927,0.1109,0.0689,0.0475,0.0162,0.0194,0.012,16.935200000000002,10.678,0.0011,0.06380000000000001,0.09290000000000001,0.111,0.06910000000000001,104.4426,2.8713,0.0,0.0,0.0067,0.064,0.0036000000000000003
Yohimbine,2.754,-9.4481,-6.6942,6.7957,-0.525,2.5822000000000003,0,573.1479,-10.0601,-3.6506,-8.0712,250.8942,0.1842,7.3207,0.1366,3.1354,0.6715,1.4847,10.5404,5.0461,82.0467,-76.3636,27245.504,629293.3492,426.2547,442.1555,-3.1354,0.4658,6.7365,0.4283,-4.9655000000000005,0.6783,1.1965,7.4672,0.8566,-6.2707,4.6579,0.0119,1.3974,0.8721,-6.8127,-0.275,0.6782,4.4235,2,0,13.845409717688982,13.845409717688982,0.234264337679515,-5.057938397581257,0.7729574057454921,74.76923076923077,354.4499999999996,328.2420000000001,354.1943426920006,138,0,0.311086055783356,-0.468712796057724,0.468712796057724,0.311086055783356,1.5769230769230762,2.5,3.384615384615384,3.311884609727427,2.163281211136688,1941.3707668329732,40.76506652345898,38.61917206239151,12.619172062391506,22.851947608876927,20.039992455641443,7.184530569677622,5.310284482913037,5.310284482913037,3.910654044192907,3.910654044192907,2.790023054547959,2.790023054547959,-1.85,23754354049.033016,4.413897095121532,6.100098621183211,2.334348180507935,189.55207674549337,14.822674415136516,0.0,1.4118420783282,1.431199657232634,0.0,5.969305287951849,9.6944469149223,0.0,0.0,0.0,18.127256122989884,48.88548517540397,50.15195063811475,37.366647645077286,48.9502557553926,16.872230220032904,1.431199657232634,9.87691300107973,17.681873056089238,37.58961010061715,20.03167182751448,35.42705431719864,0,0.0,0.0,0.0,0.0,0.0,48.49791599183589,15.90432503920125,17.681873056089238,69.29225200696857,24.16967483065318,1.4118420783282,10.902924932081056,0,65.56,132.5023492523029,13.01908852109314,0.0,4.977003270229252,0.0,0.0,0,0,0,9.84567114490726,27.516695746624794,229.3367947789457,0.0,12.803026167046504,2.976155370811981,-4.146989971174675,-17.904295694893868,-8.97957911175179,-22.933301452410632,-9.123567649281938,-4.028242437291288,0.5714285714285711,26,2,5,1,2,3,1,1,2,4,2,5,3,1,1,2,5,2.6471,98.66050000000006,0,1,0,0,0,1,1,0,0,0,1,1,0,0,0,1,1,0,0,0,0,1,0,0,0,0,0,0,0,0,1,0,0,0,1,0,6,0,0,0,1,1,0,0,0,0,0,0,0,0,0,0,0,0,0,1,0,0,0,0,0,0,0,0,1,0,0,0,0,1,0,0,0,0,0,0,0,0,0,0,0,0,0,0,0,-0.038,0.0195,0.0089,0.019100000000000002,16.2138,0.4224,-0.001,1.0334,3.0507,0.0,2.924,8.824,0.0094,21.967,0.0004,0.0026000000000000003,0.029,0.0279,0.0285,0.0012000000000000001,0.004,0.0038,0.0039000000000000003,0.9558000000000001,1.0477,0.0,0.0008,0.0431,0.0414,0.042300000000000004,28.953,2.485,0.0,0.0,0.0,0.009000000000000001,0.0,-0.4464,-0.014100000000000001,0.0089,-0.0097,0.0,0.249,-0.0397,0.6441,0.0,0.0,0.8041,1.2998,0.0,0.0,0.0001,0.0008,-0.021,-0.02,-0.014400000000000001,-0.08370000000000001,-0.0029000000000000002,-0.0028,-0.0019,-5.7238,-20.0891,-0.001,-0.056100000000000004,-0.031100000000000003,-0.0297,-0.021400000000000002,0.6846,1.7622,0.0,0.0,0.0,0.0,0.0,0.3552,0.078,0.0089,0.044,24.6478,0.7456,0.0,1.7248999999999999,4.9,0.0,3.8649,8.8819,0.0318,35.0632,2.0,15.2723,0.11610000000000001,0.0908,0.0656,0.101,0.0159,0.012400000000000001,0.009000000000000001,12.8983,10.8032,0.0012000000000000001,0.0678,0.1723,0.13490000000000002,0.0974,29.3382,2.9525,0.0,0.0,0.003,0.0318,0.0
