substrate_id,MaxAbsEStateIndex,MaxEStateIndex,MinAbsEStateIndex,MinEStateIndex,qed,SPS,MolWt,HeavyAtomMolWt,ExactMolWt,NumValenceElectrons,NumRadicalElectrons,MaxPartialCharge,MinPartialCharge,MaxAbsPartialCharge,MinAbsPartialCharge,FpDensityMorgan1,FpDensityMorgan2,FpDensityMorgan3,BCUT2D_MWHI,BCUT2D_MWLOW,BCUT2D_CHGHI,BCUT2D_CHGLO,BCUT2D_LOGPHI,BCUT2D_LOGPLOW,BCUT2D_MRHI,BCUT2D_MRLOW,AvgIpc,BalabanJ,BertzCT,Chi0,Chi0n,Chi0v,Chi1,Chi1n,Chi1v,Chi2n,Chi2v,Chi3n,Chi3v,Chi4n,Chi4v,HallKierAlpha,Ipc,Kappa1,Kappa2,Kappa3,LabuteASA,PEOE_VSA1,PEOE_VSA10,PEOE_VSA11,PEOE_VSA12,PEOE_VSA13,PEOE_VSA14,PEOE_VSA2,PEOE_VSA3,PEOE_VSA4,PEOE_VSA5,PEOE_VSA6,PEOE_VSA7,PEOE_VSA8,PEOE_VSA9,SMR_VSA1,SMR_VSA10,SMR_VSA2,SMR_VSA3,SMR_VSA4,SMR_VSA5,SMR_VSA6,SMR_VSA7,SMR_VSA8,SMR_VSA9,SlogP_VSA1,SlogP_VSA10,SlogP_VSA11,SlogP_VSA12,SlogP_VSA2,SlogP_VSA3,SlogP_VSA4,SlogP_VSA5,SlogP_VSA6,SlogP_VSA7,SlogP_VSA8,SlogP_VSA9,TPSA,EState_VSA1,EState_VSA10,EState_VSA11,EState_VSA2,EState_VSA3,EState_VSA4,EState_VSA5,EState_VSA6,EState_VSA7,EState_VSA8,EState_VSA9,VSA_EState1,VSA_EState10,VSA_EState2,VSA_EState3,VSA_EState4,VSA_EState5,VSA_EState6,VSA_EState7,VSA_EState8,VSA_EState9,FractionCSP3,HeavyAtomCount,NHOHCount,NOCount,NumAliphaticCarbocycles,NumAliphaticHeterocycles,NumAliphaticRings,NumAmideBonds,NumAromaticCarbocycles,NumAromaticHeterocycles,NumAromaticRings,NumAtomStereoCenters,NumBridgeheadAtoms,NumHAcceptors,NumHDonors,NumHeteroatoms,NumHeterocycles,NumRotatableBonds,NumSaturatedCarbocycles,NumSaturatedHeterocycles,NumSaturatedRings,NumSpiroAtoms,NumUnspecifiedAtomStereoCenters,Phi,RingCount,MolLogP,MolMR,fr_Al_COO,fr_Al_OH,fr_Al_OH_noTert,fr_ArN,fr_Ar_COO,fr_Ar_N,fr_Ar_NH,fr_Ar_OH,fr_COO,fr_COO2,fr_C_O,fr_C_O_noCOO,fr_C_S,fr_HOCCN,fr_Imine,fr_NH0,fr_NH1,fr_NH2,fr_N_O,fr_Ndealkylation1,fr_Ndealkylation2,fr_Nhpyrrole,fr_SH,fr_aldehyde,fr_alkyl_carbamate,fr_alkyl_halide,fr_allylic_oxid,fr_amide,fr_amidine,fr_aniline,fr_aryl_methyl,fr_azide,fr_azo,fr_barbitur,fr_benzene,fr_benzodiazepine,fr_bicyclic,fr_diazo,fr_dihydropyridine,fr_epoxide,fr_ester,fr_ether,fr_furan,fr_guanido,fr_halogen,fr_hdrzine,fr_hdrzone,fr_imidazole,fr_imide,fr_isocyan,fr_isothiocyan,fr_ketone,fr_ketone_Topliss,fr_lactam,fr_lactone,fr_methoxy,fr_morpholine,fr_nitrile,fr_nitro,fr_nitro_arom,fr_nitro_arom_nonortho,fr_nitroso,fr_oxazole,fr_oxime,fr_para_hydroxylation,fr_phenol,fr_phenol_noOrthoHbond,fr_phos_acid,fr_phos_ester,fr_piperdine,fr_piperzine,fr_priamide,fr_prisulfonamd,fr_pyridine,fr_quatN,fr_sulfide,fr_sulfonamd,fr_sulfone,fr_term_acetylene,fr_tetrazole,fr_thiazole,fr_thiocyan,fr_thiophene,fr_unbrch_alkane,fr_urea
Bifonazole,4.222191928475298,4.222191928475298,0.13752162593432393,0.13752162593432393,0.5071355444295608,12.0,310.40000000000003,292.256,310.146998576,116,0,0.09539354001448255,-0.32585382812485075,0.32585382812485075,0.09539354001448255,0.625,1.2083333333333333,1.8333333333333333,15.04962199587366,9.95816902407345,2.150654882330243,-2.1971427712697755,2.2825645111753565,-2.0992837688149795,5.632764662770084,0.6767158255586002,3.184169370342436,1.7398895194531803,869.9580580375426,16.192023676495616,13.286732036413186,13.286732036413186,11.915816237971963,8.094412461350602,8.094412461350602,5.811151176117955,5.811151176117955,4.271862179363885,4.271862179363885,3.082672577675482,3.082672577675482,-3.129999999999999,844492.6637247396,14.461500111710391,6.548506444939078,2.863937426311997,141.6064077406418,4.567099647791355,0.0,0.0,0.0,0.0,0.0,0.0,4.9839785209472085,0.0,0.0,84.92913895846256,22.253805966787983,12.393687143226153,12.369160903912501,0.0,0.0,0.0,9.551078168738563,0.0,6.041840829147961,0.0,114.77704915984725,0.0,11.126902983393991,0.0,0.0,0.0,0.0,9.551078168738563,0.0,0.0,17.16874381254195,103.65014617645325,0.0,11.126902983393991,0.0,17.82,0.0,0.0,0.0,6.041840829147961,0.0,0.0,22.253805966787983,0.0,30.853741354913915,82.3474829902779,0.0,2.1456916099773244,0.0,4.222191928475298,0.0,4.973682392710172,0.0,29.93638469661918,5.722049372218024,0.0,0.0,0.045454545454545456,24,0,2,0,0,0,0,3,1,4,1,0,2,0,2,1,4,0,0,0,0,1,3.9458844452092787,4,5.187800000000004,97.78800000000003,0,0,0,0,0,2,0,0,0,0,0,0,0,0,0,2,0,0,0,0,0,0,0,0,0,0,0,0,0,0,0,0,0,0,3,0,0,0,0,0,0,0,0,0,0,0,0,1,0,0,0,0,0,0,0,0,0,0,0,0,0,0,0,0,0,0,0,0,0,0,0,0,0,0,0,0,0,0,0,0,0,0,0,0,0
Boscalid,12.415901255563954,12.415901255563954,0.17497597383510133,-0.30137636124408584,0.6551915267194444,10.347826086956522,343.21299999999997,331.11699999999996,342.032668364,114,0,0.2583072157605541,-0.32131642864982873,0.32131642864982873,0.2583072157605541,0.9130434782608695,1.6521739130434783,2.391304347826087,35.496786933307526,10.03404485243853,2.129127269153871,-2.1156250720948657,2.290319094063714,-2.1311235322114324,6.329393411237484,0.10219464187383812,2.5643902425492233,1.9364381132233606,822.6669766700857,16.233840039752504,11.962243793068161,13.474101685105072,11.147867045540842,6.917953581235324,7.673882527253778,4.848373429010516,5.642822296932818,3.334206331251849,3.8873727172564907,2.218351003181064,2.5494982532842556,-2.359999999999999,213429.07110688675,15.532444655320957,6.816482904227554,3.5246597845675995,143.44809836438327,5.316788604006331,5.153109816892792,0.0,0.0,5.907179729351506,0.0,4.794537184071822,4.9839785209472085,0.0,0.0,53.53371512277308,35.89528683400505,22.47031465173496,5.563451491696996,4.794537184071822,34.7964457845001,0.0,4.9839785209472085,0.0,0.0,5.316788604006331,82.59970887856029,0.0,11.126902983393991,5.316788604006331,5.687386274683562,0.0,23.20187978046503,10.891158250298714,0.0,0.0,10.357988675768818,66.86051425622918,10.175743130634118,11.126902983393991,0.0,41.99,0.0,4.794537184071822,0.0,11.060289546244299,16.273471080121883,11.126902983393991,0.0,18.3295777085363,48.53093654769288,10.30076712495354,23.20187978046503,0.0,11.902292723597956,16.33795008075672,3.7236225446330975,2.8888250608885535,-0.30137636124408584,18.29514404492369,1.5424307953329626,0.0,0.0,0.0,23,1,3,0,0,0,1,2,1,3,0,0,2,1,5,1,3,0,0,0,0,0,4.603332324080693,3,5.307700000000002,94.08820000000001,0,0,0,0,0,1,0,0,0,0,1,1,0,0,0,1,1,0,0,0,0,0,0,0,0,0,0,1,0,1,0,0,0,0,2,0,0,0,0,0,0,0,0,0,2,0,0,0,0,0,0,0,0,0,0,0,0,0,0,0,0,0,0,0,1,0,0,0,0,0,0,0,0,1,0,0,0,0,0,0,0,0,0,0,0
Caffeine,11.672037037037038,11.672037037037038,0.3165740740740737,-0.35999999999999965,0.5384628262372215,11.071428571428571,194.194,184.11399999999998,194.08037556,74,0,0.3317034326359889,-0.3278634660994821,0.3317034326359889,0.3278634660994821,1.1428571428571428,1.7857142857142858,2.4285714285714284,16.161282315860767,10.48818798692215,2.1102552164294255,-2.021517497066594,2.0118198978857023,-2.3696654059207383,5.691604588780575,0.7054356050886186,2.53868764707295,3.221281081084588,597.2256230854156,10.455665446700477,8.182701232117186,8.182701232117186,6.536581260209188,4.107927642957932,4.107927642957932,3.2334489655756182,3.2334489655756182,2.3165128954882372,2.3165128954882372,1.4711798853237632,1.4711798853237632,-1.8499999999999999,1876.0901711869099,8.73523326923911,2.5679479011227926,0.8757741627139433,79.02895701814933,4.567099647791355,0.0,11.16387793838399,0.0,5.559266895052008,5.689743398203474,13.928736479654532,9.77851570501903,0.0,0.0,0.0,0.0,21.143015948031568,6.3273200747645415,0.0,11.16387793838399,0.0,18.68527746432127,21.143015948031568,0.0,0.0,27.165404736163666,0.0,0.0,11.24901029325548,0.0,0.0,0.0,18.68527746432127,21.143015948031568,0.0,0.0,15.916394442908185,0.0,11.16387793838399,0.0,61.82,0.0,9.589074368143644,0.0,11.24901029325548,11.16387793838399,4.567099647791355,17.942091705233086,18.662443613145733,0.0,4.9839785209472085,0.0,4.039537037037036,0.0,27.15444822373394,0.0,0.18009259259259403,0.0,0.0,1.5193518518518518,0.0,4.773236961451247,0.375,14,0,6,0,0,0,0,0,2,2,0,0,6,0,6,2,0,0,0,0,0,0,1.6022588528257544,2,-1.0293,51.19600000000002,0,0,0,0,0,4,0,0,0,0,0,0,0,0,0,4,0,0,0,0,0,0,0,0,0,0,0,0,0,0,2,0,0,0,0,0,1,0,0,0,0,0,0,0,0,0,0,1,0,0,0,0,0,0,0,0,0,0,0,0,0,0,0,0,0,0,0,0,0,0,0,0,0,0,0,0,0,0,0,0,0,0,0,0,0
Camptothecin,13.010453199798437,13.010453199798437,0.10978237591332785,-1.789747023809523,0.5327639891125654,20.46153846153846,348.358,332.2300000000001,348.111006992,130,0,0.3426763382231084,-0.45819772812579923,0.45819772812579923,0.3426763382231084,1.2692307692307692,2.076923076923077,2.8846153846153846,16.55130200266889,9.857666585123692,2.4485533423573864,-2.3125749231925377,2.3795388049571202,-2.4391788376957204,5.858094219614515,-0.17183691093821077,3.0119319112930247,1.8134139101470272,1138.6474338541923,18.051677284948283,14.151807616588863,14.151807616588863,12.52502379824839,8.585127085592587,8.585127085592587,6.791866087794112,6.791866087794112,5.4167907715910895,5.4167907715910895,3.9251531527875034,3.9251531527875034,-2.9899999999999993,1523004.454468697,15.27944344800238,5.016137241019722,1.8187570089948242,148.22824286689612,14.410489996432108,6.606881964512918,5.601050810983688,0.0,5.559266895052007,5.969305287951849,4.794537184071822,9.77851570501903,0.0,0.0,25.122838405075452,24.619922828310838,16.513127197858786,29.012764604922758,14.637927532712578,16.872230220032908,0.0,9.551078168738563,0.0,32.097248004025815,0.0,63.44236096498447,0.0,11.387855989696922,5.559266895052007,0.0,0.0,0.0,20.626910851531118,28.28408931928105,0.0,30.03491329770762,41.192739594841484,0.0,22.29078092177798,0.0,81.42,11.570356098935537,14.69560176298435,0.0,18.586970482490933,23.365587384155027,22.160304418626517,0.0,17.55720391594359,30.33183534230805,0.0,9.720841474747257,6.7171555493435005,0.0,29.877653971342642,11.847358932011485,1.8138044060216707,-0.7069064229354634,11.55302070134885,0.13862371047796773,2.0092891523893512,0.0,0.25,26,1,6,0,2,2,0,1,2,3,1,0,6,1,6,4,1,0,0,0,0,0,2.947837896214597,5,2.0796,94.5248,0,1,0,0,0,2,0,0,0,0,1,1,0,0,0,2,0,0,0,0,0,0,0,0,0,0,0,0,0,0,0,0,0,0,1,0,5,0,0,0,1,1,0,0,0,0,0,0,0,0,0,0,0,0,1,0,0,0,0,0,0,0,0,0,1,0,0,0,0,0,0,0,0,2,0,0,0,0,0,0,0,0,0,0,0
Cimetadine,8.391574739744382,8.391574739744382,0.5037500000000004,0.5037500000000004,0.30890872334135266,11.0,252.347,236.219,252.11571551199998,92,0,0.20866777981699983,-0.35856207265528256,0.35856207265528256,0.20866777981699983,1.7058823529411764,2.5294117647058822,3.1176470588235294,32.16649129761092,10.386482793305207,2.002992142034369,-2.0616785891148175,2.108624332926495,-2.3536815058561404,7.980548325257588,0.9171715672659322,2.7307249421932687,2.151693817413138,384.41596380874535,12.510225400620904,9.948559689713006,10.765056270640732,8.274386907679233,5.225758265718064,6.380458804097315,3.2640031839074886,4.369174899430026,2.1105450579487863,3.080905495178449,1.1769327124779034,2.0520610354182773,-1.6800000000000002,8399.709922186494,13.38527415143603,7.570081043458362,4.7817848631942805,104.92554288214417,15.617555728959871,0.0,0.0,12.152710664522676,0.0,0.0,0.0,4.9839785209472085,17.0237765041296,4.992404732635669,0.0,6.923737199690624,30.792063596931804,12.021248069613002,0.0,17.72143951813495,5.261891554738487,20.60153424990708,4.992404732635669,12.676590806437414,19.345281995336553,17.715176064461463,0.0,6.19315609577884,10.633577208012662,0.0,0.0,11.761884949391115,35.272793605974805,5.752853606746789,18.37878485020795,11.387855989696922,11.31972480740021,0.0,0.0,0.0,88.88999999999999,0.0,0.0,0.0,0.0,5.959554568743835,29.438319609103075,0.0,31.330033102611687,6.923737199690624,25.59393898254275,5.261891554738487,0.0,1.7850186602418743,10.844272180507751,14.230296683768906,2.210137058024414,2.3229183201058206,0.0,3.441963102951108,2.7731323241086048,1.7255950036248557,0.5,17,3,6,0,0,0,0,0,1,1,0,0,4,3,7,1,5,0,0,0,0,0,5.960447653839948,1,0.5973999999999999,69.59710000000001,0,0,0,0,0,2,1,0,0,0,0,0,0,0,1,3,3,0,0,0,0,1,0,0,0,0,0,0,0,0,1,0,0,0,0,0,0,0,0,0,0,0,0,1,0,0,0,1,0,0,0,0,0,0,0,0,0,1,0,0,0,0,0,0,0,0,0,0,0,0,0,0,0,0,0,1,0,0,0,0,0,0,0,0,0
Ciprofloxacin,14.607685185185185,14.607685185185185,0.1372078136810282,-1.2751022303881248,0.8932298763507215,18.125,331.3470000000001,313.20300000000003,331.13321965599994,126,0,0.3407230786793809,-0.4774970228339016,0.4774970228339016,0.3407230786793809,1.25,1.9583333333333333,2.5833333333333335,19.142215575448983,10.090180914172347,2.2763834013285003,-2.2977441002770878,2.3770727924665356,-2.4348915816481815,5.93258744823747,0.06945569478799336,3.403898859383536,1.9485981247024464,851.7178001851469,16.844570503761737,13.088143604314618,13.088143604314618,11.558550648063804,8.13388326683475,8.13388326683475,6.373312034026569,6.373312034026569,4.729110360732637,4.729110360732637,3.3138575734326072,3.3138575734326072,-2.41,672746.5705685621,15.137295119421712,5.592172599010578,2.4478616810646066,137.0430709359096,19.890325377488868,11.38067233274289,0.0,5.428790391900541,0.0,5.969305287951849,4.794537184071822,9.184952231746642,0.0,0.0,0.0,24.97437738277524,43.80393423887613,11.204086992299825,14.291479626587348,22.55961649471647,0.0,9.883888251797686,0.0,18.88348407499998,31.078935354500782,39.933577617251544,0.0,0.0,15.64548872675735,10.077801322358383,0.0,0.0,41.82195795423421,0.0,5.817220841045895,29.241472750768796,23.124114892608116,0.0,10.902924932081056,0.0,74.57,17.215316520898284,19.08601681065917,0.0,16.991516535309753,24.293599804124977,25.931156057677168,12.263210640074686,6.06636706846161,9.467009378641833,5.316788604006331,0.0,16.432410478080122,0.0,25.71456571096452,12.6196285019594,0.15943609851348062,-1.755300643086537,3.0780981250524895,3.290533509700176,2.9606282188163497,0.0,0.4117647058823529,24,2,6,1,1,2,0,1,1,2,0,0,5,2,7,2,3,1,1,2,0,0,3.5270986245819436,4,1.5833,88.47900000000004,0,0,0,0,1,1,0,0,1,1,1,0,0,0,0,2,1,0,0,0,0,0,0,0,0,0,0,0,0,1,0,0,0,0,1,0,1,0,0,0,0,0,0,0,1,0,0,0,0,0,0,0,0,0,0,0,0,0,0,0,0,0,0,0,0,0,0,0,0,0,1,0,0,1,0,0,0,0,0,0,0,0,0,0,0
Cladribine,9.737182364715434,9.737182364715434,0.01759592571596591,-0.7341609977324264,0.6481668237451135,27.210526315789473,285.691,273.595,285.06286692399993,102,0,0.22595282697379504,-0.3935688360285742,0.3935688360285742,0.22595282697379504,1.5263157894736843,2.3157894736842106,3.0,35.49570153344631,10.170033108718657,2.349419178908289,-2.130992407937089,2.3109260216208054,-2.239304334001444,6.283088217344632,-0.04317553174114143,2.918930051542239,2.023467355311035,587.3492720572724,13.568549621822843,9.770459244794065,10.52638819081252,9.096555450524587,5.697804208120737,6.075768681129964,4.316739895040157,4.654801596931565,3.1154626273852766,3.2844934783309796,2.171713556439066,2.342820432860267,-1.4800000000000002,32508.123984025915,12.548579346949742,4.566261411123596,2.0203591834007146,112.35519257792845,20.683585220643646,17.848568276099435,11.465039998602755,5.283586320044258,0.0,0.0,4.567099647791355,4.9839785209472085,9.967957041894417,0.0,0.0,11.600939890232516,6.4208216229260096,19.038168427025763,14.94991774348146,28.582680606451532,0.0,19.519035210632982,0.0,24.856655569157482,12.340549441675103,11.6109063948088,0.0,0.0,5.733667477162185,5.817862777835028,0.0,11.600939890232516,48.54690474032391,4.736862953800049,0.0,12.64872279366088,6.3273200747645415,5.283586320044258,11.16387793838399,0.0,119.31000000000002,18.435833946231476,5.106527394840706,0.0,17.708331062392205,17.58469956131,0.0,6.3273200747645415,4.567099647791355,0.0,14.951935562841626,27.177997716035456,7.156880196523055,5.770617318944037,11.99140589569161,18.83140238760113,6.572330719324767,0.18611444423448464,0.0,0.01686854371378077,-0.247841728255088,0.0,0.5,19,4,8,0,1,1,0,0,2,2,3,0,8,3,9,3,2,0,1,1,0,0,3.0157944019157448,3,-0.2974000000000002,66.36500000000001,0,2,2,1,0,4,0,0,0,0,0,0,0,0,0,4,0,1,0,0,0,0,0,0,0,0,0,0,0,1,0,0,0,0,0,0,1,0,0,0,0,1,0,0,1,0,0,1,0,0,0,0,0,0,0,0,0,0,0,0,0,0,0,0,0,0,0,0,0,0,0,0,0,0,0,0,0,0,0,0,0,0,0,0,0
Clotrimazole,6.691467151675484,6.691467151675484,0.585949074074074,-0.585949074074074,0.45454498474207145,11.4,344.845,327.70900000000006,344.108026224,122,0,0.12258561028717012,-0.31890279301670854,0.31890279301670854,0.12258561028717012,0.72,1.28,1.8,35.49569183415235,9.764475614110433,2.3890468838456567,-2.3739979004122445,2.427252363403156,-2.367836110034918,6.311501660041606,0.5146156596467791,3.2063001130879054,2.1535836481568715,892.2817521685303,17.11467340730599,13.587346240232787,14.343275186251242,12.331370464613116,8.177435400812115,8.555399873821342,5.892261019834485,6.299461146575091,4.538475267103274,4.86806348814332,3.4857578229561543,3.758240029525089,-2.8399999999999994,1236605.8276157433,15.673998801944185,6.577182238233219,2.5530431664020705,151.90967396752345,4.567099647791355,5.538925252383345,0.0,0.0,0.0,0.0,0.0,4.9839785209472085,0.0,0.0,90.46371178023347,17.193270051855603,22.979771948664474,6.3273200747645415,0.0,11.600939890232516,0.0,9.551078168738563,0.0,5.538925252383345,0.0,125.36313396528558,0.0,0.0,0.0,0.0,0.0,11.600939890232516,9.551078168738563,5.538925252383345,0.0,16.690354475090988,103.65014617645326,5.022633313741326,0.0,0.0,17.82,5.538925252383345,0.0,0.0,0.0,0.0,21.71298778883231,0.0,6.196843571613076,42.85599898868567,64.14838178489306,11.600939890232516,2.1238888888888887,6.691467151675484,4.314171390778534,0.725839002267574,2.6980015432098776,0.0,28.831421170319977,5.64298863063744,0.0,0.0,0.045454545454545456,25,0,2,0,0,0,0,3,1,4,0,0,2,0,3,1,4,0,0,0,0,0,4.123629860889442,4,5.376700000000004,101.84300000000002,0,0,0,0,0,2,0,0,0,0,0,0,0,0,0,2,0,0,0,0,0,0,0,0,0,0,0,0,0,0,0,0,0,0,3,0,0,0,0,0,0,0,0,0,1,0,0,1,0,0,0,0,0,0,0,0,0,0,0,0,0,0,0,0,0,0,0,0,0,0,0,0,0,0,0,0,0,0,0,0,0,0,0,0,0
Colchicine,12.642141291331857,12.642141291331857,0.1667108108675568,-0.3320351473922907,0.8325220081385356,14.724137931034482,399.4430000000002,374.24300000000017,399.16818751999995,154,0,0.22021569346160347,-0.49270383913776233,0.49270383913776233,0.22021569346160347,0.9655172413793104,1.6551724137931034,2.2413793103448274,16.530541667326993,9.952597444431232,2.2893992513055634,-2.1928546928012227,2.496969227878799,-2.26198917581012,5.830914725244953,-0.11927673673034547,2.947694769244235,2.4141279799484034,974.1307413780224,21.12902755413791,17.250454651104402,17.250454651104402,13.94262066547582,9.262274124396015,9.262274124396015,6.750545770836782,6.750545770836782,5.098020717230942,5.098020717230942,3.8620647041129375,3.8620647041129375,-3.2199999999999998,3026041.5485159773,20.512615256870166,8.426176651903862,3.721770404485165,169.10472006325656,24.264240419206526,0.0,17.248535499851716,17.08548195453595,0.0,0.0,9.589074368143644,0.0,0.0,0.0,6.06636706846161,47.73109892632784,12.487188691387619,34.48103099425809,23.741988999272017,5.907179729351506,0.0,5.316788604006331,0.0,25.807221274690605,28.439190165110134,45.61569883321279,0.0,34.12495031652961,29.693030811107068,0.0,22.99804733313562,0.0,34.34636989446164,11.21535880699783,0.0,30.513302635158585,29.060005457918262,0.0,11.126902983393991,0.0,83.09000000000002,0.0,9.589074368143644,0.0,23.127322783683912,35.653630237400726,16.690354475090988,20.099901809429767,27.39575969229421,12.13273413692322,5.316788604006331,18.947451815200196,21.99559367922508,0.0,24.480584714257603,2.964084624590577,3.0102698780129344,1.6049147560258685,6.569938350340136,1.2685517447719825,1.4642636159402032,6.141798636835613,0.36363636363636365,29,1,7,1,0,1,1,2,0,2,1,0,6,1,7,0,5,0,0,0,0,0,5.960100680928495,3,2.871600000000001,109.23470000000005,0,0,0,0,0,0,0,0,0,0,1,1,0,0,0,0,1,0,0,0,0,0,0,0,0,0,0,1,0,0,1,0,0,0,1,0,3,0,0,0,0,4,0,0,0,0,0,0,0,0,0,0,0,0,0,4,0,0,0,0,0,0,0,0,0,0,0,0,0,0,0,0,0,0,0,0,0,0,0,0,0,0,0,0,0
Etodolac,11.28582703451751,11.28582703451751,0.0047422996976567156,-0.8203045214999578,0.9057842881790303,21.428571428571427,287.3589999999999,266.191,287.152143532,112,0,0.3062015189978058,-0.48114130189667925,0.48114130189667925,0.3062015189978058,1.4285714285714286,2.238095238095238,2.9047619047619047,16.5038316831845,9.859747822308057,2.4039597790775273,-2.3511452743752015,2.415402865388159,-2.36859402333922,5.879741602071538,-0.14826171792186935,2.865394522200306,2.2365005465300696,670.64829329664,15.035169427003234,12.5312948899293,12.5312948899293,10.109320773707358,7.596527674004412,7.596527674004412,5.6886246861171985,5.6886246861171985,4.6024794459230565,4.6024794459230565,3.48570152383205,3.48570152383205,-1.8099999999999996,82265.47673237078,14.14094585695257,5.187313539396647,2.1410481876545573,123.6701770300334,14.827368869587962,5.601050810983688,0.0,0.0,0.0,5.969305287951849,4.794537184071822,0.0,0.0,0.0,32.046575604766076,30.38936785217202,10.902924932081056,18.721631582287387,14.637927532712578,16.872230220032904,0.0,4.9839785209472085,0.0,45.13181170206897,6.606881964512918,35.01993218362728,0.0,0.0,0.0,0.0,0.0,0.0,22.666693168252678,27.974094194707575,0.0,43.50994862347572,18.19910120538483,0.0,10.902924932081056,0.0,62.32,11.570356098935537,9.901064578912528,0.0,6.4208216229260096,13.027703587438928,24.05227195831674,16.513127197858786,0.0,6.923737199690624,30.10681692602266,4.736862953800049,5.9430246126228266,0.0,14.780271478961954,10.487763447971782,3.883181689342405,-0.8203045214999578,6.321297713529857,2.4492822499370117,4.705483329134123,0.0,0.47058823529411764,21,2,4,0,1,1,0,1,1,2,1,0,2,2,4,2,4,0,0,0,0,1,3.4930247573164275,3,3.383000000000002,81.55450000000005,1,0,0,0,0,1,1,0,1,1,1,0,0,0,0,0,1,0,0,0,0,1,0,0,0,0,0,0,0,0,1,0,0,0,1,0,3,0,0,0,0,1,0,0,0,0,0,0,0,0,0,0,0,0,0,0,0,0,0,0,0,0,0,0,1,0,0,0,0,0,0,0,0,0,0,0,0,0,0,0,0,0,0,0,0
Griseofulvin,13.254939373897708,13.254939373897708,0.1176170267489709,-1.4223431594860165,0.8326610784751866,25.208333333333332,352.7700000000001,335.63400000000007,352.071365944,128,0,0.2307250674399266,-0.49616751844746326,0.49616751844746326,0.2307250674399266,1.1666666666666667,1.8333333333333333,2.4166666666666665,35.495692173204816,9.752807379351466,2.5941334580585553,-2.359455244261733,2.538726436870178,-2.511554083932234,6.3481807773770536,-0.11796586389007202,2.871118292790089,2.2581731710520927,743.7920825984976,17.64589989101247,13.766611804547832,14.522540750566286,11.399449786001158,7.3751237477405525,7.753088220749779,5.750227448482579,6.128191921491807,4.497994813727227,4.8558982270596225,3.2993734712819185,3.5641465745647927,-2.21,270347.3695674076,16.64091969614327,5.7015415541703725,2.0215869901261305,143.82499238361365,18.947451815200196,22.08510847200613,17.29192165130502,11.384295757348628,0.0,0.0,9.589074368143644,0.0,0.0,0.0,18.524677089923138,0.0,24.481114844382894,21.3293926238326,28.536526183343838,23.167429782962394,0.0,0.0,5.917906046161393,18.94560963360032,21.3293926238326,28.487636852389986,0.0,17.248535499851716,14.210588861400147,0.0,17.248535499851716,11.600939890232516,38.49693332754617,9.53140013787187,5.917906046161393,23.702547498385453,17.901552046951668,5.022633313741326,0.0,0.0,71.06,11.518956857145081,9.589074368143644,0.0,40.082073026034294,11.49902366656781,0.0,33.47177979912809,6.923737199690624,0.0,0.0,30.548391705432714,21.89625595762997,6.333304376277258,25.113821876631825,0.17877598261526884,-1.1932237339380196,0.10687649596875959,1.5379791824137061,1.4772332451499117,1.7691598167044595,4.307594578324647,0.4117647058823529,24,0,6,1,1,2,0,1,0,1,2,0,6,0,7,1,3,0,0,0,1,0,3.953287297798878,3,2.8103000000000007,86.12550000000005,0,0,0,0,0,0,0,0,0,0,2,2,0,0,0,0,0,0,0,0,0,0,0,0,0,0,1,0,0,0,0,0,0,0,1,0,1,0,0,0,0,4,0,0,1,0,0,0,0,0,0,2,1,0,0,3,0,0,0,0,0,0,0,0,0,0,0,0,0,0,0,0,0,0,0,0,0,0,0,0,0,0,0,0,0
Hydroquinine,11.177684240362812,11.177684240362812,0.2253250188964473,-0.4692479213907792,0.9352397721690103,30.458333333333332,326.44000000000005,300.232,326.199428072,128,0,0.11912444576873177,-0.49674293960785865,0.49674293960785865,0.11912444576873177,1.375,2.25,2.9583333333333335,16.46532670746252,9.723895254587086,2.4205139544995884,-2.5092832823380404,2.4231124903133416,-2.5471786030181676,5.8348657338566055,-0.0561749419704055,2.6616583780599465,1.6755568373637348,713.0501329824655,16.681433796945207,14.48157540560311,14.48157540560311,11.707039898056804,9.056763809129007,9.056763809129007,7.243164733869153,7.243164733869153,6.1259703373373595,6.1259703373373595,4.709465864516336,4.709465864516336,-1.65,512499.65903706464,15.853215340265868,6.337901628826777,2.5794508403656495,143.00302923538914,9.843390348640755,5.749511833283905,0.0,0.0,0.0,0.0,9.883888251797686,0.0,0.0,0.0,13.344558822616634,61.051131509630814,24.169665021138407,18.730464646642098,9.843390348640755,10.902924932081056,0.0,9.883888251797686,11.835812092322787,38.33200928536492,20.199310353102682,36.02576333715651,0.0,5.749511833283905,4.736862953800049,0.0,5.749511833283905,0.0,41.231566828889044,0.0,11.835812092322787,37.85361994791395,30.462311845459514,0.0,10.902924932081056,0.0,45.59,6.103966387748303,5.106527394840706,0.0,6.041840829147961,0.0,53.5620347841359,12.841643245852019,13.30664111289061,24.26546827384644,16.80762545148831,4.736862953800049,5.360648377412898,0.0,6.943041038563676,12.17679392899135,1.8881963603342578,2.3742904943581347,8.066107198861078,4.973306285081627,4.546659880256561,1.6709564361404188,0.55,24,1,4,0,3,3,0,1,1,2,5,2,4,1,4,4,4,0,3,3,0,0,4.186504971967195,5,3.3972000000000024,95.12080000000006,0,1,1,0,0,1,0,0,0,0,0,0,0,0,0,2,0,0,0,0,0,0,0,0,0,0,0,0,0,0,0,0,0,0,1,0,4,0,0,0,0,1,0,0,0,0,0,0,0,0,0,0,0,0,0,1,0,0,0,0,0,0,0,0,0,0,0,0,0,3,0,0,0,1,0,0,0,0,0,0,0,0,0,0,0
Hydroxychloroquine,9.021901772623966,9.021901772623966,0.22937285200518498,0.22937285200518498,0.7317801043771165,12.73913043478261,335.87900000000013,309.67100000000005,335.1764401319999,126,0,0.0737050348968934,-0.3950445723161837,0.3950445723161837,0.0737050348968934,1.3043478260869565,2.130434782608696,2.869565217391304,35.49569150215683,10.110989847481232,2.0769845004899277,-2.2102963954704373,2.2482818922385084,-2.283446699468413,6.3088669125677885,0.199047230524473,2.535748642022221,1.9141064343944625,596.0098416777058,16.656489770562878,13.926347561766145,14.682276507784598,11.134560252985372,8.277121803144688,8.655086276153915,5.865465663102048,6.3019014435740335,4.081594676579744,4.316691779367483,2.7752696700506956,2.941613225091992,-1.3599999999999999,148135.89991829614,17.985553072207168,9.062254640025788,5.341836349421254,143.02439049463723,15.323225729697514,0.0,0.0,0.0,0.0,0.0,4.9839785209472085,0.0,0.0,0.0,18.524677089923138,57.12036153121423,34.8796846095633,12.123582682129179,5.106527394840706,28.191251096997135,0.0,9.883888251797686,0.0,32.730958474381225,31.557939786256977,35.48494515920084,0.0,0.0,5.316788604006331,5.687386274683562,0.0,11.600939890232516,47.273407658036994,0.0,0.0,26.689117645233267,30.462311845459514,5.022633313741326,10.902924932081056,0.0,48.39,0.0,0.0,0.0,6.606881964512918,11.064474142889287,49.06622367035436,0.0,0.0,30.462311845459514,29.048151255185264,16.70746728507322,0.0,6.03146088300168,6.6464611659125135,14.402662239656287,2.010811506765241,0.0,8.191121800543316,4.003935507139121,7.324658008092953,0.0,0.5,23,2,4,0,0,0,0,1,1,2,1,0,4,2,5,1,9,0,0,0,0,1,7.086507034001715,2,3.7830000000000026,98.27150000000006,0,1,1,0,0,1,0,0,0,0,0,0,0,0,0,2,1,0,0,1,0,0,0,0,0,0,0,0,0,1,0,0,0,0,1,0,1,0,0,0,0,0,0,0,1,0,0,0,0,0,0,0,0,0,0,0,0,0,0,0,0,0,0,0,0,0,0,0,0,0,0,0,0,1,0,0,0,0,0,0,0,0,0,0,0
Ibuprofen,10.762425070336777,10.762425070336777,0.4184259259259264,-0.7716577958343829,0.8215995486924975,12.8,206.28499999999997,188.14099999999996,206.130679816,82,0,0.31018535153231086,-0.4807885019257389,0.4807885019257389,0.31018535153231086,1.2,1.7333333333333334,2.1333333333333333,16.36640479713451,9.968471760898746,2.123540108955395,-2.085757965387073,2.16889350754164,-2.068800465423947,5.749768182058118,-0.13786206865190767,2.165506939440076,2.7590371332701524,316.396476403863,11.422285251880869,9.526670282288125,9.526670282288125,7.002907755397974,5.32030090584347,5.32030090584347,4.3994781236223774,4.3994781236223774,2.4940956097181957,2.4940956097181957,1.556376775771452,1.556376775771452,-1.31,1862.3359679184655,11.763046018991963,4.964460295417243,3.387630631562938,90.941753772513,5.106527394840706,0.0,0.0,0.0,0.0,5.969305287951849,4.794537184071822,0.0,0.0,0.0,38.112942673227685,30.38936785217202,0.0,5.917906046161393,9.901064578912528,5.969305287951849,0.0,0.0,5.917906046161393,33.10993926815927,0.0,35.392371257240434,0.0,0.0,0.0,0.0,0.0,0.0,11.075832682792555,11.21535880699783,5.917906046161393,37.81602062862726,24.26546827384644,0.0,0.0,0.0,37.3,11.887211334113243,4.794537184071822,0.0,0.0,5.917906046161393,11.984273114623004,5.563451491696996,6.923737199690624,24.26546827384644,13.847474399381248,5.106527394840706,0.0,0.0,10.762425070336777,8.850157339170236,2.140134164777023,-0.5579103678508444,7.871574074074074,1.0433852985638699,6.056901087595532,0.0,0.46153846153846156,15,1,2,0,0,0,0,1,0,1,1,0,1,1,2,0,4,0,0,0,0,1,3.8931449942967644,1,3.0732000000000017,61.03480000000004,1,0,0,0,0,0,0,0,1,1,1,0,0,0,0,0,0,0,0,0,0,0,0,0,0,0,0,0,0,0,0,0,0,0,1,0,0,0,0,0,0,0,0,0,0,0,0,0,0,0,0,0,0,0,0,0,0,0,0,0,0,0,0,0,0,0,0,0,0,0,0,0,0,0,0,0,0,0,0,0,0,0,0,0,0
Indomethacin,12.987203404509954,12.987203404509954,0.17023930251112818,-0.9547112899593053,0.7678065120522065,10.84,357.7930000000001,341.66500000000013,357.0767856719999,128,0,0.3074078016334054,-0.49674295951740394,0.49674295951740394,0.3074078016334054,1.16,1.84,2.44,35.49569161900575,10.081298123551836,2.212810024817615,-2.076582841850055,2.3037515472213093,-2.136958985228134,6.302418758689139,-0.13572943540045232,2.856211887899643,2.232371733378278,945.8621484541021,18.137463722575188,13.745695200914664,14.501624146933118,11.917922655570505,7.62053801160924,7.998502484618467,5.665014130168133,6.1014499106401185,4.164153695808131,4.416130011147617,2.9470046898945004,3.072992847564243,-2.7899999999999996,468921.44290781184,17.04669994118993,6.607181634243952,3.1046664994872564,148.94809374556095,9.843390348640755,5.749511833283905,0.0,0.0,5.907179729351506,5.969305287951849,14.156174015934997,0.0,0.0,0.0,11.600939890232516,54.95175817061889,21.66623701475158,19.047319881819803,19.4324647167844,34.380349839616926,0.0,4.567099647791355,0.0,13.344558822616634,7.109797541277533,64.30803377121505,0.0,5.749511833283905,4.736862953800049,0.0,5.749511833283905,11.600939890232516,28.659909601212945,11.21535880699783,6.923737199690624,21.615368162314272,42.46456947923127,5.022633313741326,10.902924932081056,0.0,68.53,5.969305287951849,14.69560176298435,0.0,12.328001352277514,38.49590105734874,0.0,4.567099647791355,56.49810422019943,0.0,0.0,16.337802844032566,6.771390964635012,5.886218622440132,24.25277154793659,10.472007186275013,2.324916339478179,-0.583227064675476,11.866282421404774,-0.17023930251112818,1.7485792845944963,1.5424111115335168,0.15789473684210525,25,1,5,0,0,0,0,2,1,3,0,0,4,1,6,1,4,0,0,0,0,0,4.505225711035902,3,3.9273200000000035,95.74730000000005,1,0,0,0,0,1,0,0,1,1,2,1,0,0,0,1,0,0,0,0,0,0,0,0,0,0,0,0,0,0,0,0,0,0,2,0,1,0,0,0,0,1,0,0,1,0,0,0,0,0,0,0,0,0,0,1,0,0,0,0,0,0,0,0,0,0,0,0,0,0,0,0,0,0,0,0,0,0,0,0,0,0,0,0,0
Ketanserin,13.044693618876614,13.044693618876614,0.048002856723511345,-0.4073392903993549,0.6735760490733905,15.620689655172415,395.434,373.25800000000015,395.16451978399994,150,0,0.32837629035386284,-0.306647700781896,0.32837629035386284,0.306647700781896,1.0,1.6896551724137931,2.413793103448276,19.14214522719147,9.886776914015178,2.254479377739538,-2.3082628304512327,2.2157887343579823,-2.4185916779259027,5.974014951510793,0.08367821488112548,2.7393469342874144,1.3759557752840654,1109.1523213563555,20.38010440969448,15.935929645226654,15.935929645226654,14.024877143252588,9.7673685215258,9.7673685215258,7.419585149131591,7.419585149131591,5.616321486987081,5.616321486987081,3.912050107757013,3.912050107757013,-3.06,4734336.604814778,19.264858189070733,8.126207150619834,4.048073139800842,166.1430704406891,9.883888251797686,5.817220841045895,5.783244946364939,0.0,5.559266895052007,5.689743398203474,14.156174015934997,9.184952231746642,0.0,0.0,12.13273413692322,62.32935846844683,24.570870349683542,10.902924932081056,9.184952231746642,16.686169878445998,0.0,14.450987899589041,5.917906046161393,19.386399651764595,19.634269217737724,80.7496935418349,0.0,0.0,11.24901029325548,4.39041504767482,0.0,0.0,39.86850206369171,6.544756405912575,11.735126887207288,23.199631921620835,58.120010915836524,0.0,10.902924932081056,0.0,75.17,5.689743398203474,18.774026599890284,0.0,23.07763872862423,42.39753248145522,13.08951281182515,28.832567921637796,24.26546827384644,0.0,9.883888251797686,0.0,14.278909785601176,0.0,42.353451271850965,0.4960210392641158,0.387747102879316,-0.3836684531478085,12.642926595370408,1.4150516537601674,2.3095610044216643,0.0,0.3181818181818182,29,1,6,0,1,1,0,2,1,3,0,0,5,1,7,2,5,0,1,1,0,0,5.398283736955298,4,2.4238,108.72320000000005,0,0,0,0,0,2,1,0,0,0,1,1,0,0,0,2,1,0,0,0,1,1,0,0,0,0,0,0,0,0,0,0,0,0,2,0,1,0,0,0,0,0,0,0,1,0,0,0,0,0,0,1,1,0,0,0,0,0,0,0,0,0,0,0,1,0,0,0,0,1,0,0,0,0,0,0,0,0,0,0,0,0,0,0,0
Lamivudine,11.442129157218442,11.442129157218442,0.057224033131771046,-0.4313057445200299,0.7038615838122525,25.666666666666668,229.261,218.17299999999997,229.052112212,82,0,0.35114912918772,-0.39275837743683834,0.39275837743683834,0.35114912918772,1.8,2.6,3.2,32.166667004911986,10.511606403153436,2.266732862019778,-2.125534135502153,2.2970157305981247,-2.2823604581603734,7.995212916408958,-0.0062867926152054675,2.656999263425458,2.204299752254942,383.2699382540057,10.836498814253964,7.8673505662126875,8.683847147140414,7.2027086004072345,4.430532183225075,5.479286973205731,3.078449863232954,4.2708999529628295,2.0444089211085625,3.1539803063209457,1.3300631676724362,2.260750879073292,-1.0500000000000003,3818.107941542383,10.467220165322534,4.213446893102682,2.137865937402115,90.06690967616714,15.57705782580294,17.481762320138984,0.0,0.0,0.0,5.689743398203474,4.567099647791355,4.794537184071822,4.9839785209472085,11.761884949391115,0.0,6.06636706846161,11.949697178359866,6.606881964512918,9.843390348640755,17.57974772722614,0.0,9.551078168738563,0.0,11.663899542303952,18.09340304842189,22.747491222349982,0.0,0.0,11.423410875365658,5.817862777835028,0.0,11.761884949391115,32.453339506408064,4.736862953800049,0.0,6.22790117073487,17.057747824146507,0.0,0.0,0.0,90.37,5.689743398203474,4.794537184071822,0.0,24.088644284651902,5.752853606746789,0.0,16.32898459718247,12.263210640074686,0.0,4.9839785209472085,15.57705782580294,6.786462585034014,1.467232379062736,15.044570105820105,8.87527893256068,4.673482536533132,0.8167649544385659,1.543352229780801,1.1834136432350713,-0.057224033131771046,0.0,0.5,15,3,6,0,1,1,0,0,1,1,2,0,7,2,7,2,2,0,1,1,0,0,2.9402050856666646,2,-0.5941000000000001,56.36320000000002,0,1,1,1,0,2,0,0,0,0,0,0,0,0,0,2,0,1,0,0,0,0,0,0,0,0,0,0,0,1,0,0,0,0,0,0,0,0,0,0,0,1,0,0,0,0,0,0,0,0,0,0,0,0,0,0,0,0,0,0,0,0,0,0,0,0,0,0,0,0,0,0,0,0,0,1,0,0,0,0,0,0,0,0,0
Lidocaine,11.892318594104308,11.892318594104308,0.06120370370370387,0.06120370370370387,0.8489671904749566,10.647058823529411,234.34299999999996,212.16699999999997,234.173213324,94,0,0.23806613187559778,-0.324484604945174,0.324484604945174,0.23806613187559778,1.1764705882352942,1.7058823529411764,2.176470588235294,16.15013762579058,10.099692731628444,2.094433566742462,-2.1815574207486264,2.186220417838297,-2.327331479447568,5.932586126168501,-0.11679336447491696,2.307845583406121,2.6802676560474934,349.3747421664592,12.836498814253964,11.208833037092342,11.208833037092342,8.078917360319545,6.164591332105106,6.164591332105106,4.276374970349688,4.276374970349688,3.0071852609718834,3.0071852609718834,1.8408792833076058,1.8408792833076058,-1.3499999999999999,5511.135253173818,13.713897763578274,6.4012209135305955,3.858200815473424,103.822157988525,5.316788604006331,0.0,0.0,5.907179729351506,0.0,0.0,9.694446914922299,0.0,0.0,0.0,32.046575604766076,38.06389019460039,5.687386274683562,6.544756405912575,4.794537184071822,11.594566004035068,0.0,4.899909730850478,0.0,27.694948798762496,24.951057821744058,29.32600418877882,0.0,0.0,5.316788604006331,5.687386274683562,0.0,0.0,30.44135867793971,4.794537184071822,13.847474399381248,24.97437738277524,18.19910120538483,0.0,0.0,0.0,32.34,0.0,4.794537184071822,0.0,5.907179729351506,6.544756405912575,29.903802069902707,0.0,0.0,32.046575604766076,24.064172734238056,0.0,0.0,0.0,13.992457482993197,2.9969907407407406,3.167083333333334,0.06120370370370387,6.032499685059208,0.0,10.416431720836481,0.0,0.5,17,1,3,0,0,0,1,1,0,1,0,0,2,1,3,0,5,0,0,0,0,0,5.163864068837512,1,2.5837400000000006,72.33370000000004,0,0,0,0,0,0,0,0,0,0,1,1,0,0,0,1,1,0,0,1,0,0,0,0,0,0,0,1,0,1,2,0,0,0,1,0,0,0,0,0,0,0,0,0,0,0,0,0,0,0,0,0,0,0,0,0,0,0,0,0,0,0,0,0,1,0,0,0,0,0,0,0,0,0,0,0,0,0,0,0,0,0,0,0,0
Mizolastine,13.379801467055291,13.379801467055291,0.14463276607928877,-0.23156892672025098,0.5234372068442692,14.75,432.5030000000001,407.3030000000002,432.20738764000004,164,0,0.25171295161596696,-0.34228689597432727,0.34228689597432727,0.25171295161596696,1.09375,1.84375,2.59375,19.14214590418211,10.042526047264854,2.2650700440979388,-2.3706821449210116,2.2760815664283327,-2.447416664245664,5.786542183188548,0.4694249907656349,3.183933456508502,1.380374037789546,1239.192955449741,22.078775022443736,17.908667607991507,17.908667607991507,15.580520035918413,10.811424552715884,10.811424552715884,8.199950907353514,8.199950907353514,6.175213345357571,6.175213345357571,4.397510630114099,4.397510630114099,-3.679999999999999,33405218.51046355,20.23540657778649,8.452068204894788,3.954767308823788,184.70082040443307,14.366919109492311,5.817220841045895,0.0,11.896678561972989,5.559266895052008,0.0,9.77851570501903,14.358372089569237,0.0,0.0,24.26546827384644,42.67056301139545,38.442236263724986,17.5781578411451,4.39041504767482,22.93007999720551,0.0,19.519035210632982,0.0,25.428240480912557,29.9370042562033,82.5286235996343,0.0,0.0,15.359086356752965,16.28709360964781,0.0,0.0,45.69806083428328,6.544756405912575,5.817220841045895,18.405094737549014,65.58868437183939,0.0,11.033401435232523,0.0,70.05000000000001,0.0,9.184952231746642,0.0,17.418328565245865,12.49309568689907,48.47634826559318,24.395944776997904,0.0,37.37950732498524,30.401243219848336,4.9839785209472085,15.590960728969423,0.0,28.05435204859169,0.0,2.907746815654412,1.2984028819578168,16.461578689802767,3.390201751895024,2.322177039280665,1.9745800438482062,0.2916666666666667,32,1,7,0,1,1,0,2,2,4,0,0,6,1,8,3,5,0,1,1,0,0,5.3447198921633765,5,3.4122000000000012,123.73070000000001,0,0,0,0,0,4,1,0,0,0,0,0,0,0,0,5,1,0,0,0,0,1,0,0,0,0,0,0,0,2,0,0,0,0,2,0,1,0,0,0,0,0,0,0,1,0,0,1,0,0,0,0,0,0,0,0,0,0,0,0,0,0,0,0,2,0,0,0,0,1,0,0,0,0,0,0,0,0,0,0,0,0,0,0,0
Nevirapine,12.403475056689345,12.403475056689345,0.1170370370370366,-0.1170370370370366,0.861716125086419,17.05,266.30400000000003,252.19199999999998,266.116761068,100,0,0.259040848923194,-0.3184743028957275,0.3184743028957275,0.259040848923194,1.2,2.0,2.8,16.149550522192897,10.201193707182506,2.373605360711254,-2.231660272489429,2.4299470055284225,-2.2221163413821134,6.1144232120873,0.10228199869188179,3.2711651994369526,2.001838909708102,688.9345403537218,13.689869965382487,11.128204254474591,11.128204254474591,9.75402019542349,6.766994855590683,6.766994855590683,5.256326351105966,5.256326351105966,3.777533228333562,3.777533228333562,2.6070043736203017,2.6070043736203017,-2.43,110375.65615940165,11.401137803518536,4.030422454929436,1.5916576426488964,116.21205950623379,10.216698334856808,5.817862777835028,5.817862777835028,0.0,5.907179729351506,0.0,4.794537184071822,9.967957041894417,0.0,0.0,0.0,43.52793314262447,18.435527972374114,11.250837766380558,4.794537184071822,23.230291559705126,0.0,9.967957041894417,0.0,25.807221274690605,10.216698334856808,41.71969133200498,0.0,0.0,10.216698334856808,17.323111830353618,0.0,0.0,21.91697760039388,0.0,6.923737199690624,28.763083413317833,30.59278834861098,0.0,0.0,0.0,58.12,0.0,4.794537184071822,0.0,5.907179729351506,17.423155098679985,29.910343790067607,0.0,18.460054211687762,19.056471336613843,20.184655376751223,0.0,0.0,0.0,23.423495842781563,2.9763888888888888,2.417598261526833,1.3993055555555562,5.908469387755102,5.726640211640212,1.9814351851851852,0.0,0.26666666666666666,20,1,5,1,1,2,1,0,2,2,0,0,4,1,5,3,1,1,0,1,0,0,2.297570090752299,4,2.6512200000000004,76.32520000000002,0,0,0,0,0,2,0,0,0,0,1,1,0,0,0,3,1,0,0,0,0,0,0,0,0,0,0,1,0,3,1,0,0,0,0,0,2,0,0,0,0,0,0,0,0,0,0,0,0,0,0,0,0,0,0,0,0,0,0,0,0,0,0,0,0,0,0,0,0,0,0,0,0,2,0,0,0,0,0,0,0,0,0,0,0
Omeprazole,12.680257542831948,12.680257542831948,0.2772124590576972,-1.3282853048626861,0.7692390365670643,12.333333333333334,345.4240000000001,326.2720000000001,345.11471246799994,126,0,0.19730311802166275,-0.496683562342977,0.496683562342977,0.19730311802166275,1.2083333333333333,2.0,2.7083333333333335,32.19727912980626,10.133554795333618,2.1579900764053646,-2.1098993472995433,2.257856135026659,-2.0468162555717986,7.836007108619992,0.4069013664701304,3.0065977799893377,1.9005728339415109,889.7874646671859,17.26722023457211,14.043928210800422,14.860424791728148,11.528407103102722,7.4434924977827714,8.762424390769594,5.461048939258312,6.827466466577105,3.9017431666317623,5.062023986585719,2.6061450233687733,3.706211926416468,-2.41,353332.36450656696,16.447862009987272,6.604258967706701,2.9892470267127704,142.24467347477622,14.457704428547306,11.49902366656781,5.156436481820707,0.0,0.0,0.0,9.192877013111676,4.9839785209472085,0.0,0.0,0.0,25.980208536304467,23.39011362346868,47.49934716228715,13.682624399764567,21.83297047813683,0.0,14.951935562841626,0.0,24.756764487948743,14.219595082555067,41.21677575524036,0.0,11.49902366656781,9.473725907600098,0.0,11.49902366656781,0.0,33.38042913756116,16.552422649651096,13.847474399381248,16.82083097824245,29.552381258818613,0.0,11.033401435232523,0.0,77.1,10.799569042904308,4.208898492164469,0.0,5.752853606746789,10.905948315104613,33.60374424675888,0.0,20.416438654168143,32.046575604766076,14.951935562841626,9.473725907600098,23.267698295475412,0.0,11.911460062037262,0.4296249055177628,4.159259620358974,1.7757835154263732,5.508893809513398,1.737963283109387,3.8621827815596546,1.902689282557331,0.29411764705882354,24,1,6,0,0,0,0,1,2,3,1,0,5,1,7,2,5,0,0,0,0,1,4.5260808407942,3,2.8997400000000004,93.02110000000003,0,0,0,0,0,3,1,0,0,0,0,0,0,0,0,2,1,0,0,0,0,1,0,0,0,0,0,0,0,0,1,0,0,0,1,0,1,0,0,0,0,2,0,0,0,0,0,1,0,0,0,0,0,0,0,2,0,0,0,0,0,0,0,0,0,0,0,0,0,0,0,0,0,1,0,0,0,0,0,0,0,0,0,0,0
Palbociclib,13.329498469858109,13.329498469858109,0.05360289007426555,-0.24763958770403693,0.5754108874418277,16.96969696969697,447.54300000000035,418.31100000000026,447.238273168,172,0,0.2631101892602483,-0.36774019238087546,0.36774019238087546,0.2631101892602483,1.121212121212121,1.878787878787879,2.5454545454545454,16.14864036173816,10.03419045053563,2.254763908327487,-2.2865439690414,2.3166912265298056,-2.430693113111617,5.9901940413527495,0.10104343725790645,3.3426918796909124,1.5077585467519465,1205.6133896442889,22.94901851044682,19.096170153868027,19.096170153868027,16.02487714325259,11.642185309815734,11.642185309815734,8.864198996043623,8.864198996043623,6.720289527548967,6.720289527548967,4.9934249308255225,4.9934249308255225,-3.3300000000000005,53698339.432106696,21.51229275408366,8.897288872412561,4.083227162146443,191.80897057088544,15.533486938863138,11.465039998602755,5.783244946364939,5.948339280986494,5.559266895052008,0.0,14.156174015934997,9.967957041894417,4.9839785209472085,0.0,12.841643245852019,44.38530327385348,43.80393423887613,17.447681337993632,4.794537184071822,34.270234715102546,0.0,24.835823814639312,0.0,45.57260172023325,36.39572395850711,46.007128342667194,0.0,0.0,21.092753833915147,17.453588333505085,0.0,0.0,51.48130578064822,0.0,6.923737199690624,54.57030468800844,29.320958464221192,0.0,11.033401435232523,0.0,105.03999999999999,0.0,9.589074368143644,0.0,22.947804162261903,22.976830771286245,62.93592260450271,6.923737199690624,17.687680419095056,18.329577708536295,25.501443980757557,4.9839785209472085,1.7220685015559585,0.0,41.61756793401892,7.260543005360265,2.293054054456889,0.7993011334920039,4.010464080397758,7.523952218543564,7.106382405507977,0.0,0.4583333333333333,33,2,9,1,1,2,0,0,3,3,0,0,9,2,9,4,5,1,1,2,0,0,5.800032816393633,5,2.965820000000001,128.64690000000007,0,0,0,0,0,4,0,0,0,0,1,1,0,0,0,5,2,0,0,0,0,0,0,0,0,0,0,0,0,3,1,0,0,0,0,0,1,0,0,0,0,0,0,0,0,0,0,0,0,0,0,1,1,0,0,0,0,0,0,0,0,0,0,0,0,0,0,0,0,0,1,0,0,2,0,0,0,0,0,0,0,0,0,0,0
Paracetamol,10.524468537414966,10.524468537414966,0.11510204081632636,-0.11510204081632636,0.5950261967780849,9.181818181818182,151.165,142.093,151.063328528,58,0,0.22074743631242583,-0.5079643157925783,0.5079643157925783,0.22074743631242583,1.3636363636363635,1.9090909090909092,2.3636363636363638,16.254688714379636,10.280190859964748,1.9280360590359857,-1.994554073876588,2.125247579160179,-2.0440113126102912,5.88095478459791,-0.1137357833826591,1.9291266251851134,2.7362980721056545,241.2457497788808,8.267584713501616,6.164862962722325,6.164862962722325,5.1815405503520555,3.2490981480278296,3.2490981480278296,2.228060242189872,2.228060242189872,1.1876733148984595,1.1876733148984595,0.7480265991539318,0.7480265991539318,-1.5099999999999998,285.51074052739676,7.595374077976819,3.0531381005525,2.292303972882069,64.66690538413799,10.423315998847038,5.749511833283905,0.0,5.907179729351506,0.0,0.0,4.794537184071822,0.0,0.0,0.0,0.0,24.26546827384644,12.611123474374185,0.0,9.901064578912528,11.594566004035068,0.0,0.0,0.0,6.923737199690624,5.316788604006331,24.26546827384644,0.0,5.749511833283905,5.316788604006331,5.687386274683562,5.749511833283905,0.0,11.013707124192212,4.794537184071822,0.0,6.923737199690624,24.26546827384644,0.0,0.0,0.0,49.33,0.0,4.794537184071822,0.0,11.65669156263541,5.687386274683562,0.0,19.056471336613843,12.13273413692322,0.0,5.316788604006331,5.106527394840706,0.0,0.0,10.524468537414966,11.460032596371882,0.6900925925925929,0.07851095993953194,6.309537037037037,0.0,1.437358276643991,0.0,0.125,11,2,3,0,0,0,1,1,0,1,0,0,2,2,3,0,1,0,0,0,0,0,2.1081569077654403,1,1.3505999999999998,42.41050000000002,0,0,0,0,0,0,0,1,0,0,1,1,0,0,0,0,1,0,0,0,0,0,0,0,0,0,0,1,0,1,0,0,0,0,1,0,0,0,0,0,0,0,0,0,0,0,0,0,0,0,0,0,0,0,0,0,0,0,0,0,0,0,0,0,0,1,1,0,0,0,0,0,0,0,0,0,0,0,0,0,0,0,0,0,0
Quinine,11.151855158730157,11.151855158730157,0.1775472411186696,-0.5035449735449744,0.8776016184783941,30.25,324.42400000000004,300.232,324.183778008,126,0,0.1191244457687318,-0.49674293960785865,0.49674293960785865,0.1191244457687318,1.4166666666666667,2.2916666666666665,3.0,16.465326529228633,9.73349193597455,2.4176180621189247,-2.5026996929206415,2.417007461998579,-2.544132574965535,5.834889374235289,-0.04444143492917604,2.6616583780599465,1.6870853618182942,740.7867629229706,16.681433796945207,14.058925674792736,14.058925674792736,11.707039898056804,8.682990361275793,8.682990361275793,6.974393658935868,6.974393658935868,5.8194843766095925,5.8194843766095925,4.444306034250861,4.444306034250861,-1.9099999999999997,512499.65903706464,15.60801064990268,6.187607918654215,2.5024063339993896,142.31342620320487,9.843390348640755,5.749511833283905,0.0,0.0,0.0,0.0,9.883888251797686,0.0,0.0,6.578935683598497,6.076020106833881,61.051131509630814,24.169665021138407,18.730464646642098,9.843390348640755,10.902924932081056,0.0,9.883888251797686,11.835812092322787,24.98745046274828,20.199310353102682,48.68071912758889,0.0,5.749511833283905,4.736862953800049,0.0,5.749511833283905,0.0,41.231566828889044,0.0,11.835812092322787,24.509061125297315,43.11726763589189,0.0,10.902924932081056,0.0,45.59,6.103966387748303,5.106527394840706,0.0,6.041840829147961,11.835812092322787,41.72622269181311,6.4208216229260096,13.30664111289061,24.26546827384644,22.538844042230064,4.736862953800049,5.3495717015634945,0.0,6.858526575753758,12.13080666834635,1.8461944391954317,2.006859364881551,7.95765726390546,5.620374760237224,6.068442171961847,1.661567054154883,0.45,24,1,4,0,3,3,0,1,1,2,5,2,4,1,4,4,4,0,3,3,0,0,4.024010428824048,5,3.1732000000000022,95.02680000000004,0,1,1,0,0,1,0,0,0,0,0,0,0,0,0,2,0,0,0,0,0,0,0,0,0,0,0,0,0,0,0,0,0,0,1,0,4,0,0,0,0,1,0,0,0,0,0,0,0,0,0,0,0,0,0,1,0,0,0,0,0,0,0,0,0,0,0,0,0,3,0,0,0,1,0,0,0,0,0,0,0,0,0,0,0
Ribavirin,10.78669674351222,10.78669674351222,0.21968679138321945,-1.2689106198034772,0.44284203167437103,32.88235294117647,244.207,232.111,244.080769484,94,0,0.2878781797929572,-0.39356684310032825,0.39356684310032825,0.2878781797929572,1.5294117647058822,2.235294117647059,2.7058823529411766,16.564090614173764,10.131845766397301,2.4348508618502764,-2.132167058012951,2.277256021077433,-2.328189138538644,5.88020793178647,-0.058813385382370416,2.865366729018536,2.1949092649276896,395.92573881307226,12.576985790260121,8.670986550251778,8.670986550251778,8.04091255785876,4.876887901334242,4.876887901334242,3.6412952034081787,3.6412952034081787,2.5067847681778117,2.5067847681778117,1.6089159889845075,1.6089159889845075,-1.55,9343.960903329446,11.921540359013681,4.372750406697864,2.0017705966337545,95.43976537340616,25.790112615484347,24.639219238009453,6.22790117073487,5.824404497999927,5.907179729351506,0.0,4.794537184071822,9.665781456092393,0.0,5.098681808301038,0.0,0.0,0.0,6.606881964512918,24.85098232239399,5.907179729351506,0.0,14.76446326439343,5.733667477162185,24.53980033397978,6.606881964512918,12.151724572764468,0.0,0.0,5.733667477162185,0.0,0.0,0.0,60.910006306024876,4.736862953800049,0.0,16.846842852806617,6.3273200747645415,0.0,0.0,0.0,143.72,37.053862027844204,15.007591973753234,0.0,5.824404497999927,0.0,11.009123009909725,0.0,0.0,0.0,10.082660329248245,15.577057825802939,6.245635865457294,0.0,14.399394683799446,31.78186780885194,4.9712153565129755,-1.0294151287058022,0.0,-3.2636394557823145,-0.43839246346686767,0.0,0.625,17,5,9,0,1,1,1,0,1,1,4,0,8,4,9,2,3,0,1,1,0,0,3.066465909020122,2,-3.011499999999999,51.54930000000002,0,3,3,0,0,3,0,0,0,0,1,1,0,0,0,3,0,1,0,0,0,0,0,0,0,0,0,1,0,0,0,0,0,0,0,0,0,0,0,0,0,1,0,0,0,0,0,0,0,0,0,0,0,0,0,0,0,0,0,0,0,0,0,0,0,0,0,0,0,0,0,1,0,0,0,0,0,0,0,0,0,0,0,0,0
Risperidone,13.391455125428823,13.391455125428823,0.16054179316354644,-0.302883313202049,0.6577452185749304,18.066666666666666,410.4930000000002,383.27700000000016,410.21180432400007,158,0,0.25648037354974157,-0.35589095870673193,0.35589095870673193,0.25648037354974157,1.2,2.033333333333333,2.8666666666666667,19.14214814206961,9.912007692616614,2.2545034614610344,-2.3090343036165266,2.3236025093767227,-2.368853615876508,5.794442161089781,0.21079440988496267,3.1679844987412777,1.232849230884252,1095.0041172379445,20.664561460070644,17.36378432456077,17.36378432456077,14.597356788324023,10.963062134042449,10.963062134042449,8.580102500215453,8.580102500215453,6.694743712192054,6.694743712192054,4.94383192939046,4.94383192939046,-2.54,12434275.79786954,19.42507820908214,7.945993904374621,3.5548338156190766,174.23929709545146,9.423004667823825,11.641625339045822,5.583020141642242,0.0,5.559266895052007,0.0,9.361636831863176,9.374393568622029,0.0,0.0,5.156663257125445,64.25009226306904,48.138211250384416,5.693927994848461,8.913509984648169,10.969244356107037,0.0,19.607651156714486,0.0,57.911329389320656,19.634269217737724,57.145838104948396,0.0,0.0,5.559266895052007,4.39041504767482,0.0,0.0,39.241920374452214,19.386399651764595,12.740958040736519,54.37690451725928,27.51673332643,0.0,10.969244356107037,0.0,64.16,0.0,9.184952231746642,0.0,11.376487736097902,11.500926187803636,92.865891555065,12.13273413692322,6.06636706846161,11.49083684748198,10.056572987975922,9.507073457920557,20.61639405905525,0.0,20.05844080987514,5.145664014026554,3.380492052384918,0.9737534052999742,4.627242259171112,5.810256603119455,5.554423463734265,0.0,0.5217391304347826,30,0,6,0,2,2,0,1,2,3,0,0,6,0,7,4,4,0,1,1,0,0,5.145051768045565,5,3.5904200000000026,112.25800000000005,0,0,0,0,0,3,0,0,0,0,0,0,0,0,0,4,0,0,0,0,1,0,0,0,0,0,0,0,0,0,2,0,0,0,1,0,2,0,0,0,0,0,0,0,1,0,0,0,0,0,0,0,0,0,0,0,0,0,0,0,0,0,0,0,0,0,0,0,0,1,0,0,0,0,0,0,0,0,0,0,0,0,0,0,0
Ritonavir,13.867316916540334,13.867316916540334,0.06706243300136205,-1.0488532991638568,0.10624046585910327,13.68,720.9620000000002,672.5780000000002,720.312760636,268,0,0.4073141084370974,-0.4437652036234549,0.4437652036234549,0.4073141084370974,0.9,1.56,2.14,32.13466401595849,9.92797498055118,2.306639915411908,-2.303712768623036,2.2018052937742216,-2.5543814826597355,7.094793898130492,-0.12444634034955696,3.7921793348755144,1.4637670685945983,1557.1732042756778,36.04503034869461,29.24353314531864,30.87652630717409,23.97727464143374,16.809050565648977,18.568356188158763,13.04173583848222,14.902314971567556,8.129844994772245,10.077090874431377,5.386474611348257,6.718416169253567,-4.33,99661659139.94312,38.47159782577355,19.165556143146798,12.21811936765673,302.0583739168024,30.69366589151023,12.648722793660879,0.0,5.907179729351506,0.0,12.124354583276487,9.77851570501903,14.573052889090853,0.0,22.673571755869474,88.35861948337862,36.30727389833341,30.584325200065532,39.779801781828745,24.227001900856223,40.70510606849747,0.0,30.818232584763887,5.917906046161393,90.25644695931959,7.04767198267719,104.45671816910901,0.0,0.0,15.950365812018994,9.589074368143644,0.0,22.673571755869474,69.28308933808296,35.524681754149384,5.917906046161393,66.73927833664641,77.75111630031248,0.0,0.0,0.0,145.78000000000003,30.322728946130603,19.490138947056174,0.0,30.8839038752899,25.304305697925987,26.705601868796514,16.236695608785215,30.091840705842383,79.89120785446327,39.765797253294664,4.736862953800049,5.424978507101565,2.9499528922081164,50.97752074868346,23.4906276799991,4.35270225484641,-0.2767656664093314,16.78617448703173,0.8361452993284628,8.282283762480287,1.6763800347301994,0.43243243243243246,50,4,11,0,0,0,4,2,2,4,4,0,9,4,13,2,17,0,0,0,0,0,14.746591360928546,4,5.905200000000008,196.89689999999945,0,1,1,0,0,2,0,0,0,0,3,3,0,0,0,3,3,0,0,0,0,0,0,0,1,0,0,4,0,0,0,0,0,0,2,0,0,0,0,0,0,1,0,0,0,0,0,0,0,0,0,0,0,0,0,0,0,0,0,0,0,0,0,0,0,0,0,0,0,0,0,0,0,0,0,0,0,0,0,0,2,0,0,0,1
Salicin,9.84195389266818,9.84195389266818,0.25635345804988674,-1.4933437263794407,0.4499934043405802,33.95,286.28000000000003,268.13599999999997,286.105252916,112,0,0.22873842796797722,-0.46160463625848625,0.46160463625848625,0.22873842796797722,1.0,1.7,2.35,16.705617398089913,9.991957099543663,2.4431060594737386,-2.3925466516396385,2.2587468101012442,-2.596114870338643,5.3235576666792035,-0.27721260862715386,2.4796425470028733,2.150476439325157,417.80141641941213,14.698306133819765,10.662930543507246,10.662930543507246,9.578917360319545,6.240768411273733,6.240768411273733,4.580964375839901,4.580964375839901,3.2345245218029945,3.2345245218029945,2.03929550135312,2.03929550135312,-1.2200000000000002,33824.80398366619,15.174225254339698,6.4871088740546545,2.927399855562322,115.17842598673784,35.006362881803625,30.165377384277114,0.0,6.290026729335213,0.0,0.0,0.0,0.0,0.0,0.0,18.19910120538483,6.06636706846161,5.563451491696996,13.213763929025836,35.006362881803625,0.0,0.0,0.0,0.0,37.312774244841336,6.606881964512918,29.828919765543436,0.0,5.749511833283905,4.736862953800049,0.0,5.749511833283905,0.0,62.84541121904486,11.343744918312968,0.0,5.563451491696996,24.26546827384644,0.0,0.0,0.0,119.61000000000001,37.312774244841336,20.426109579362823,0.0,6.606881964512918,11.3129633249809,0.0,0.0,24.26546827384644,0.0,0.0,14.580253302440804,10.646073318216176,0.0,0.0,47.416194124254645,0.4902409297052157,0.2910459183673475,6.607681983287142,-6.67350731187537,-0.7777289619551517,0.0,0.5384615384615384,20,5,7,0,1,1,0,1,0,1,5,0,7,5,7,1,4,0,1,1,0,0,4.921842565216565,2,-1.6424000000000003,66.76000000000003,0,5,5,0,0,0,0,0,0,0,0,0,0,0,0,0,0,0,0,0,0,0,0,0,0,0,0,0,0,0,0,0,0,0,1,0,0,0,0,0,0,2,0,0,0,0,0,0,0,0,0,0,0,0,0,0,0,0,0,0,0,0,0,0,1,0,0,0,0,0,0,0,0,0,0,0,0,0,0,0,0,0,0,0,0
Tetracycline,13.313695042831949,13.313695042831949,0.13483134920634954,-2.745033659297053,0.33611046163052427,34.375,444.44000000000017,420.2480000000002,444.1532657279999,170,0,0.25545083550226955,-0.5096506200499406,0.5096506200499406,0.25545083550226955,1.15625,1.78125,2.34375,16.349699175563906,9.551796936412533,2.651285642757626,-2.5236262184562994,2.5598964472465933,-2.646058105542869,6.244441577254117,-0.151482772377465,2.679151582051959,2.047922027130386,1112.6924704186526,23.911330893400955,17.65658510990527,17.65658510990527,14.772521257536152,9.970255028284186,9.970255028284186,8.961853968764315,8.961853968764315,7.022223248043209,7.022223248043209,5.508747012158584,5.508747012158584,-3.210000000000001,7541988.5274806805,22.00076096960224,6.644026762190543,2.4784840440451306,182.42923685321395,31.266304451365713,22.840946106665523,11.384295757348628,5.783244946364939,5.907179729351506,0.0,19.28352128306594,0.0,0.0,0.0,12.13273413692322,39.06972134812962,17.408916622392056,17.206343131828646,39.91624852641899,17.473669622081385,0.0,4.899909730850478,17.56947956948497,30.588501273731968,14.09534396535438,51.990542992229706,0.0,5.749511833283905,5.733667477162185,0.0,5.749511833283905,0.0,73.64445193262142,15.190125179127332,11.835812092322787,29.265998990082448,40.863640008835716,0.0,0.0,0.0,181.61999999999998,74.9674748022543,39.91624852641899,0.0,17.547724606320003,0.0,0.0,44.11809210128031,0.0,0.0,0.0,5.733667477162185,0.0,0.0,39.85973178974171,55.03620969495338,-0.6537508730280193,-7.891260886171374,3.050557292176384,-0.19998204837490552,1.4026620895271689,3.062499607842321,0.4090909090909091,32,7,10,3,0,3,1,1,0,1,5,0,9,6,10,0,2,0,0,0,0,2,4.567926395956076,4,-0.21439999999999992,109.54090000000005,0,4,2,0,0,0,0,1,0,0,3,3,0,0,0,1,0,1,0,1,0,0,0,0,0,0,0,1,0,0,0,0,0,0,1,0,3,0,0,0,0,0,0,0,0,0,0,0,0,0,0,2,2,0,0,0,0,0,0,0,0,0,0,0,0,1,1,0,0,0,0,1,0,0,0,0,0,0,0,0,0,0,0,0,0
Vardenafil,13.41591174339596,13.41591174339596,0.14744517405727775,-3.708997994616681,0.5164114874787473,15.764705882352942,488.61400000000043,456.3580000000003,488.22057450399996,184,0,0.29903363710085024,-0.49311161830197897,0.49311161830197897,0.29903363710085024,1.088235294117647,1.8235294117647058,2.4705882352941178,32.23342767180354,10.15989009002188,2.290328140728579,-2.3285017822132192,2.3134336290693454,-2.478604021312317,7.887447604947354,0.19609058786742523,3.148223437593766,1.8159231890244247,1294.0575928603212,24.457454678884094,20.166214486880364,20.98271106780809,16.293592089014194,11.776249109658538,13.216312438459179,8.35415032768326,10.292085307624923,6.150662570871856,8.045299437468262,4.326535269648444,5.775484923201262,-2.76,44976779.31883958,24.367281858677618,9.847325219794989,4.468392132046619,199.16304001362022,9.636772684650527,11.573916331283833,11.341105215616189,10.023291153407584,5.559266895052008,0.0,9.893218992372859,17.91717339889177,9.289194512243443,0.0,13.847474399381248,45.012153633604655,32.59984724657631,22.75974492657615,13.154659938128987,15.539991871023846,0.0,28.78716246595779,0.0,45.43207552013229,39.33066399407579,40.07123777735704,0.0,17.137367822980828,10.296129848852058,0.0,5.749511833283905,0.0,76.53562344436251,16.444112776333593,6.923737199690624,38.710365714846276,27.889121864974427,0.0,16.904556707313183,0.0,112.9,15.582558048459592,13.212334168400758,0.0,10.719887973517702,61.730321248534835,18.78998252683851,4.305215991296234,29.638236298691076,13.847474399381248,26.890285780736555,4.736862953800049,35.765463852475484,0.0,24.03245615145686,3.1765886628603077,0.9948914712767012,1.419877318544364,4.7229770303183,1.5479493638903064,11.29879414379436,-3.708997994616681,0.5217391304347826,34,1,10,0,1,1,0,1,2,3,0,0,8,1,11,3,8,0,1,1,0,0,7.057427917200265,4,2.07042,129.81750000000005,0,0,0,0,0,4,1,0,0,0,0,0,0,0,0,5,1,0,0,1,0,1,0,0,0,0,0,0,0,0,2,0,0,0,1,0,1,0,0,0,0,1,0,0,0,0,0,1,0,0,0,0,0,0,0,0,0,0,0,0,0,0,0,0,0,0,0,0,0,0,1,0,0,0,0,0,1,0,0,0,0,0,0,0,0
Yohimbine,12.375015607355074,12.375015607355074,0.1989002267573694,-0.5684953441253047,0.7729574057454922,34.0,354.45000000000005,328.2420000000001,354.1943426919999,138,0,0.31108605578335624,-0.4687127960577246,0.4687127960577246,0.31108605578335624,1.3076923076923077,2.1538461538461537,3.0,16.52523932459658,9.646026524591417,2.4907320017090586,-2.504604439699187,2.4880320289545796,-2.5285631957079637,5.84746094762928,-0.15977834887227815,3.04933738748874,1.5224844729137554,821.6759316980769,17.83613433532446,15.149716881753564,15.149716881753564,12.669035095596021,9.764845273747566,9.764845273747566,8.17682383836293,8.17682383836293,7.021976395412436,7.021976395412436,5.803663075090398,5.803663075090398,-1.85,1806939.7570294277,16.33286330839924,6.1000986211832116,2.3343481805079356,152.87811685076474,14.827368869587962,0.0,0.0,0.0,0.0,5.969305287951849,9.694446914922299,0.0,0.0,0.0,18.19910120538483,49.14891714418543,29.68636573875467,25.17351080433519,14.637927532712576,16.872230220032904,0.0,9.883888251797686,17.75371813848418,37.8290937086003,20.199310353102682,35.5228477603919,0.0,0.0,0.0,0.0,0.0,0.0,47.26299767544122,15.95222176079788,17.75371813848418,36.56168518447144,24.26546827384644,0.0,10.902924932081056,0.0,65.56,6.103966387748303,9.901064578912528,0.0,17.805117380274638,18.380568498235363,32.351977680603184,29.270101959904046,0.0,0.0,34.14935652564412,4.736862953800049,5.042281761865546,0.0,18.62289574088997,11.823777083389727,3.9588197331401704,0.054143702233979796,8.830938960396933,3.1366515004889823,2.0957654635928447,1.4347260540018476,0.5714285714285714,26,2,5,1,2,3,0,1,1,2,5,0,4,2,5,3,1,1,1,2,0,0,3.832002959520772,5,2.6471000000000013,98.66050000000006,0,1,1,0,0,1,1,0,0,0,1,1,0,0,0,1,1,0,0,0,0,1,0,0,0,0,0,0,0,0,0,0,0,0,1,0,6,0,0,0,1,1,0,0,0,0,0,0,0,0,0,0,0,0,0,1,0,0,0,0,0,0,0,0,1,0,0,0,0,1,0,0,0,0,0,0,0,0,0,0,0,0,0,0,0
